Date;Clôture;Plus bas;Plus haut;Ouverture;Volume Titres;Volume FCFA;Variation %
13/01/2012;591;591;591;591;1 520;898 320;7.48%
22/02/2012;550;550;550;550;440;242 000;-6.94%
28/02/2012;550;550;550;550;200;110 000;0.00%
01/03/2012;550;550;550;550;80;44 000;0.00%
05/03/2012;550;550;550;550;440;242 000;0.00%
12/03/2012;550;550;550;550;120;66 000;0.00%
20/03/2012;550;550;550;550;280;154 000;0.00%
29/03/2012;550;550;550;550;80;44 000;0.00%
18/05/2012;550;550;550;550;240;132 030;0.00%
23/05/2012;550;550;550;550;160;88 020;0.00%
24/05/2012;550;550;550;550;1 640;902 410;0.02%
04/06/2012;550;550;550;550;1 000;550 250;0.00%
15/06/2012;550;550;550;550;600;330 150;0.00%
21/06/2012;550;550;550;550;200;110 050;0.00%
28/06/2012;550;550;550;550;200;110 050;0.00%
10/07/2012;550;550;550;550;720;396 180;0.00%
18/07/2012;550;550;550;550;1 000;550 375;0.02%
31/07/2012;592;592;592;592;840;496 965;7.49%
01/08/2012;592;592;592;592;360;212 985;0.00%
09/08/2012;592;592;592;592;400;236 650;0.00%
21/08/2012;592;592;592;592;240;141 990;0.00%
06/09/2012;592;592;592;592;120;70 995;0.00%
17/09/2012;592;592;592;592;1 320;780 945;0.00%
25/09/2012;575;575;575;575;1 000;575 000;-2.81%
23/10/2012;550;550;550;550;400;220 000;0.46%
25/10/2012;550;550;550;550;1 040;572 000;0.00%
31/10/2012;550;550;550;550;600;330 000;0.00%
06/11/2012;550;550;550;550;1 280;704 000;0.00%
08/11/2012;550;550;550;550;480;264 000;0.00%
13/11/2012;525;525;525;525;1 400;735 000;-4.55%
14/11/2012;525;525;525;525;800;420 000;0.00%
16/11/2012;525;525;525;525;1 200;630 000;0.00%
20/11/2012;500;500;500;500;2 160;1 080 000;-4.76%
28/11/2012;500;500;500;500;1 120;560 140;0.03%
12/12/2012;500;500;500;500;960;480 120;0.00%
14/12/2012;500;500;500;500;400;200 050;0.00%
20/12/2012;538;538;538;538;800;430 000;7.47%
24/12/2012;550;550;550;550;4 000;2 200 000;2.33%
04/01/2013;591;591;591;591;160;94 600;0.00%
22/01/2013;550;550;550;550;2 000;1 100 000;-6.98%
23/01/2013;550;550;550;550;1 000;550 000;0.00%
01/02/2013;575;575;575;575;800;460 000;4.55%
06/02/2013;575;575;575;575;200;115 000;0.00%
21/02/2013;575;575;575;575;200;115 000;0.00%
25/02/2013;575;575;575;575;800;460 000;0.00%
18/03/2013;618;618;618;618;1 000;618 125;7.50%
09/04/2013;664;664;664;664;1 600;1 063 000;7.48%
10/04/2013;705;705;705;705;400;282 000;6.11%
15/04/2013;705;705;705;705;80;56 400;0.00%
16/04/2013;750;750;750;750;600;450 000;6.38%
23/04/2013;750;750;750;750;400;300 000;0.00%
02/05/2013;750;750;750;750;280;210 000;0.00%
07/05/2013;750;750;750;750;800;600 000;0.00%
17/05/2013;806;806;806;806;400;322 500;7.50%
22/05/2013;806;806;806;806;1 320;1 064 250;0.00%
28/05/2013;805;805;805;805;1 000;805 000;-0.16%
31/05/2013;745;745;745;745;960;714 840;-7.50%
04/06/2013;745;745;745;745;160;119 140;0.00%
05/06/2013;700;700;700;700;1 120;784 000;-5.99%
06/06/2013;700;700;700;700;1 760;1 232 000;0.00%
24/07/2013;700;700;700;700;40;28 000;0.00%
14/08/2013;700;700;700;700;40;28 000;0.00%
03/09/2013;700;700;700;700;160;112 000;0.00%
04/09/2013;700;700;700;700;240;168 000;0.00%
09/09/2013;700;700;700;700;200;140 000;0.00%
20/09/2013;700;700;700;700;400;280 000;0.00%
14/10/2013;700;700;700;700;200;140 000;0.00%
16/10/2013;700;700;700;700;1 200;840 000;0.00%
17/10/2013;700;700;700;700;200;140 000;0.00%
21/10/2013;700;700;700;700;200;140 000;0.00%
30/10/2013;753;753;753;753;2 600;1 956 500;7.50%
13/11/2013;775;775;775;775;160;124 000;2.99%
18/11/2013;813;813;813;813;200;162 500;4.84%
20/11/2013;753;753;753;753;560;421 400;-7.38%
21/11/2013;696;696;696;696;1 480;1 030 450;-7.48%
22/11/2013;748;748;748;748;400;299 350;7.49%
25/11/2013;804;804;804;804;760;611 325;7.48%
02/12/2013;865;865;865;865;240;207 510;7.49%
09/12/2013;929;929;929;929;200;185 875;7.49%
12/12/2013;999;999;999;999;6 800;6 791 500;7.46%
17/12/2013;1 000;1 000;1 000;1 000;40;40 000;0.13%
20/12/2013;1 013;1 013;1 013;1 013;3 240;3 280 500;1.25%
24/01/2014;937;937;937;937;80;74 940;-7.48%
13/02/2014;925;925;925;925;400;370 000;-1.25%
19/02/2014;925;925;925;925;4 000;3 700 000;0.00%
20/02/2014;925;925;925;925;160;148 000;0.00%
26/02/2014;925;925;925;925;560;518 000;0.00%
07/04/2014;923;923;923;923;40;36 900;-0.26%
28/04/2014;900;900;900;900;400;360 000;-2.44%
29/04/2014;900;900;900;900;40;36 000;0.00%
21/05/2014;838;838;838;838;840;703 500;-6.94%
27/05/2014;775;775;775;775;2 000;1 550 250;-7.45%
02/06/2014;775;775;775;775;1 640;1 271 205;0.00%
03/06/2014;775;775;775;775;2 800;2 170 350;0.00%
04/06/2014;775;775;775;775;1 480;1 147 185;0.00%
05/06/2014;775;775;775;775;360;279 045;0.00%
01/07/2014;775;775;775;775;80;62 010;0.00%
08/07/2014;775;775;775;775;640;496 080;0.00%
10/07/2014;775;775;775;775;40;31 005;0.00%
21/07/2014;717;717;717;717;3 200;2 294 400;-7.50%
23/07/2014;718;718;718;718;6 800;4 879 000;0.07%
25/07/2014;718;718;718;718;2 280;1 635 900;0.00%
01/08/2014;718;718;718;718;1 680;1 205 400;0.00%
04/08/2014;718;718;718;718;520;373 100;0.00%
05/08/2014;713;713;713;713;120;85 500;-0.70%
06/08/2014;660;660;660;660;7 400;4 880 300;-7.44%
11/08/2014;660;660;660;660;5 800;3 826 550;0.04%
12/08/2014;659;659;659;659;3 800;2 505 150;-0.08%
13/08/2014;659;659;659;659;3 040;2 004 120;0.00%
14/08/2014;659;659;659;659;480;316 380;-0.02%
18/08/2014;659;659;659;659;800;527 300;0.00%
21/08/2014;659;659;659;659;4 400;2 900 150;0.00%
25/08/2014;659;659;659;659;3 600;2 372 850;0.00%
26/08/2014;659;659;659;659;400;263 700;0.02%
29/08/2014;660;660;660;660;1 600;1 056 000;0.11%
03/09/2014;660;660;660;660;400;264 050;0.02%
09/09/2014;660;660;660;660;840;554 505;0.00%
22/09/2014;660;660;660;660;1 200;792 150;-6.70%
24/09/2014;661;661;661;661;600;396 750;0.17%
26/09/2014;661;661;661;661;400;264 500;0.00%
30/09/2014;660;660;660;660;1 520;1 003 200;-0.19%
01/10/2014;660;660;660;660;80;52 800;0.00%
06/10/2014;660;660;660;660;40;26 400;0.00%
07/10/2014;611;611;611;611;960;586 080;-7.50%
15/10/2014;611;611;611;611;200;122 100;0.00%
17/10/2014;600;600;600;600;800;480 000;-1.72%
20/10/2014;600;600;600;600;480;288 000;0.00%
22/10/2014;600;600;600;600;40;24 000;0.00%
27/10/2014;600;600;600;600;80;48 000;0.00%
28/10/2014;588;588;588;588;1 560;917 280;-2.00%
03/11/2014;588;588;588;588;3 200;1 881 600;0.00%
06/11/2014;588;588;588;588;360;211 680;0.00%
19/11/2014;585;585;585;585;400;234 000;-0.51%
21/11/2014;575;575;575;575;800;460 200;-1.67%
26/11/2014;575;575;575;575;1 600;920 000;-0.04%
01/12/2014;575;575;575;575;80;46 000;0.00%
05/12/2014;575;575;575;575;480;276 000;0.00%
08/12/2014;575;575;575;575;120;69 030;0.04%
15/12/2014;575;575;575;575;200;115 050;0.00%
29/12/2014;575;575;575;575;120;69 030;0.00%
13/01/2015;575;575;575;575;40;23 010;0.00%
19/01/2015;538;538;538;538;160;86 000;-6.56%
23/01/2015;575;575;575;575;800;460 000;6.98%
29/01/2015;618;618;618;618;120;74 175;7.50%
17/02/2015;618;618;618;618;40;24 700;-0.10%
24/02/2015;613;613;613;613;2 400;1 470 000;-0.81%
03/03/2015;613;613;613;613;120;73 500;0.00%
05/03/2015;571;571;571;571;400;228 500;-6.73%
09/03/2015;571;571;571;571;920;525 550;0.00%
25/03/2015;571;571;571;571;80;45 700;-0.65%
30/03/2015;538;538;538;538;2 000;1 075 000;-5.91%
17/04/2015;498;498;498;498;120;59 700;-7.44%
06/05/2015;535;535;535;535;360;192 510;7.49%
07/05/2015;535;535;535;535;40;21 390;0.00%
27/05/2015;545;545;545;545;9 400;5 126 525;1.99%
12/06/2015;586;586;586;586;40;23 450;7.49%
16/06/2015;669;669;669;669;2 000;1 337 500;7.00%
17/06/2015;719;719;719;719;120;86 250;7.48%
18/06/2015;719;719;719;719;1 880;1 351 250;0.00%
19/06/2015;750;750;750;750;120;90 000;4.35%
22/06/2015;750;750;750;750;680;510 000;0.00%
23/06/2015;750;750;750;750;200;150 000;0.00%
24/06/2015;800;800;800;800;3 480;2 784 000;6.67%
25/06/2015;800;800;800;800;1 320;1 056 000;0.00%
30/06/2015;800;800;800;800;40;31 990;-0.03%
01/07/2015;800;800;800;800;40;31 990;0.00%
02/07/2015;788;788;788;788;160;126 000;-1.53%
03/07/2015;788;788;788;788;320;252 000;0.00%
06/07/2015;790;790;790;790;960;758 400;0.32%
07/07/2015;786;786;786;786;400;314 500;-0.47%
09/07/2015;727;727;727;727;40;29 095;-7.49%
13/07/2015;727;727;727;727;40;29 095;0.00%
15/07/2015;675;675;675;675;80;54 000;-7.20%
21/07/2015;675;675;675;675;80;54 010;0.02%
22/07/2015;675;675;675;675;80;54 010;0.00%
24/07/2015;675;675;675;675;200;135 025;0.00%
27/07/2015;675;675;675;675;200;135 025;0.00%
30/07/2015;675;675;675;675;361 120;243 801 140;0.00%
04/08/2015;675;675;675;675;1 200;810 150;0.00%
05/08/2015;675;675;675;675;200;135 025;0.00%
10/08/2015;675;675;675;675;40;27 000;-0.02%
12/08/2015;625;625;625;625;200;125 000;-7.41%
14/08/2015;625;625;625;625;200;124 975;-0.02%
17/08/2015;625;625;625;625;880;550 000;0.02%
19/08/2015;650;650;650;650;1 000;650 000;4.00%
20/08/2015;695;695;695;695;1 800;1 251 000;6.92%
21/08/2015;680;680;680;680;3 200;2 176 000;-2.16%
24/08/2015;688;688;688;688;4 840;3 327 500;1.10%
25/08/2015;695;695;695;695;400;278 000;1.09%
27/08/2015;675;675;675;675;880;594 000;-2.88%
31/08/2015;625;625;625;625;10 520;6 575 000;-7.41%
01/09/2015;625;625;625;625;80;50 020;0.04%
09/09/2015;669;669;669;669;80;53 500;6.96%
16/09/2015;650;650;650;650;360;234 000;-2.80%
22/09/2015;669;669;669;669;80;53 500;2.88%
23/09/2015;668;668;668;668;40;26 700;-0.19%
28/09/2015;650;650;650;650;2 000;1 300 000;-2.62%
29/09/2015;650;650;650;650;320;208 000;0.00%
01/10/2015;650;650;650;650;10 680;6 942 000;0.00%
02/10/2015;650;650;650;650;120;78 000;0.00%
07/10/2015;669;669;669;669;7 600;5 082 500;2.88%
08/10/2015;650;650;650;650;1 200;780 150;-2.79%
13/10/2015;650;650;650;650;80 000;52 000 000;-0.02%
19/10/2015;695;695;695;695;72 880;50 651 600;6.92%
21/10/2015;695;695;695;695;40;27 800;0.00%
22/10/2015;725;725;725;725;15 720;11 397 000;4.32%
26/10/2015;725;725;725;725;600;435 000;0.00%
27/10/2015;725;725;725;725;880;638 000;0.00%
02/11/2015;725;725;725;725;80;58 000;0.00%
04/11/2015;750;750;750;750;24 480;18 360 000;3.45%
05/11/2015;800;800;800;800;63 360;50 688 000;6.67%
06/11/2015;800;800;800;800;4 120;3 296 000;0.00%
09/11/2015;800;800;800;800;2 080;1 664 000;0.00%
10/11/2015;750;750;750;750;11 920;8 940 000;-6.25%
11/11/2015;800;800;800;800;5 880;4 704 000;6.67%
12/11/2015;800;800;800;800;28 600;22 880 000;0.00%
13/11/2015;813;813;813;813;100 280;81 477 500;1.56%
16/11/2015;825;825;825;825;920;759 000;1.54%
17/11/2015;813;813;813;813;22 040;17 910 255;-1.50%
19/11/2015;850;850;850;850;120;102 000;4.60%
20/11/2015;875;875;875;875;1 160;1 015 000;2.94%
23/11/2015;875;875;875;875;40;35 000;0.00%
24/11/2015;911;911;911;911;120;109 350;4.14%
25/11/2015;980;980;980;980;80;78 360;7.49%
26/11/2015;1 050;1 050;1 050;1 050;800;840 000;7.20%
30/11/2015;1 125;1 125;1 125;1 125;5 240;5 895 000;7.14%
01/12/2015;1 125;1 125;1 125;1 125;4 400;4 950 000;0.00%
02/12/2015;1 200;1 200;1 200;1 200;2 080;2 495 740;6.66%
03/12/2015;1 175;1 175;1 175;1 175;1 920;2 255 520;-2.09%
07/12/2015;1 175;1 175;1 175;1 175;5 920;6 954 520;0.00%
08/12/2015;1 175;1 175;1 175;1 175;480;563 760;-0.02%
09/12/2015;1 163;1 163;1 163;1 163;120;139 500;-1.02%
10/12/2015;1 162;1 162;1 162;1 162;40;46 495;-0.01%
16/12/2015;1 150;1 150;1 150;1 150;80;92 000;-0.43%
21/12/2015;1 148;1 148;1 148;1 148;800;918 000;-0.22%
23/12/2015;1 145;1 145;1 145;1 145;440;503 745;-0.23%
29/12/2015;1 125;1 125;1 125;1 125;600;674 925;-1.75%
04/01/2016;1 125;1 125;1 125;1 125;40;44 990;-0.01%
05/01/2016;1 100;1 100;1 100;1 100;640;704 000;-2.20%
11/01/2016;1 100;1 100;1 100;1 100;480;528 000;0.00%
12/01/2016;1 100;1 100;1 100;1 100;720;792 000;0.00%
21/01/2016;1 100;1 100;1 100;1 100;8 800;9 680 000;0.00%
26/01/2016;1 100;1 100;1 100;1 100;120;132 000;0.00%
08/02/2016;1 100;1 100;1 100;1 100;1 600;1 759 800;-0.01%
11/02/2016;1 075;1 075;1 075;1 075;1 320;1 419 000;-2.26%
12/02/2016;1 075;1 075;1 075;1 075;40;43 000;0.00%
15/02/2016;1 000;1 000;1 000;1 000;480;480 000;-6.98%
16/02/2016;1 000;1 000;1 000;1 000;800;800 000;0.00%
17/02/2016;938;938;938;938;560;525 000;-6.25%
18/02/2016;938;938;938;938;3 120;2 925 000;0.00%
19/02/2016;925;925;925;925;360;333 000;-1.33%
23/02/2016;856;856;856;856;800;684 500;-7.50%
24/02/2016;875;875;875;875;2 400;2 100 000;2.26%
26/02/2016;913;913;913;913;40;36 500;4.29%
29/02/2016;900;900;900;900;160;144 000;-1.37%
01/03/2016;875;875;875;875;203 480;178 045 000;-2.78%
04/03/2016;875;875;875;875;800;700 000;0.00%
07/03/2016;875;875;875;875;240;210 000;0.00%
08/03/2016;875;875;875;875;200;175 000;0.00%
09/03/2016;925;925;925;925;2 320;2 146 000;5.71%
15/03/2016;938;938;938;938;400;375 000;0.00%
23/03/2016;1 000;1 000;1 000;1 000;360;360 000;6.67%
24/03/2016;1 000;1 000;1 000;1 000;40;40 000;0.00%
25/03/2016;1 075;1 075;1 075;1 075;40;43 000;7.50%
29/03/2016;1 075;1 075;1 075;1 075;1 240;1 333 000;0.00%
30/03/2016;1 000;1 000;1 000;1 000;760;760 000;-6.98%
31/03/2016;1 000;1 000;1 000;1 000;3 200;3 200 000;0.00%
01/04/2016;950;950;950;950;3 880;3 686 000;-5.00%
04/04/2016;975;975;975;975;1 200;1 170 000;2.63%
05/04/2016;975;975;975;975;5 560;5 421 000;0.00%
06/04/2016;1 013;1 013;1 013;1 013;960;972 000;3.85%
07/04/2016;1 013;1 013;1 013;1 013;5 200;5 265 000;0.00%
11/04/2016;1 013;1 013;1 013;1 013;4 080;4 131 000;0.00%
14/04/2016;1 013;1 013;1 013;1 013;520;526 500;0.00%
18/04/2016;1 050;1 050;1 050;1 050;640;671 920;3.69%
19/04/2016;1 038;1 038;1 038;1 038;3 280;3 403 000;-1.18%
20/04/2016;1 050;1 050;1 050;1 050;200;210 000;1.20%
21/04/2016;1 050;1 050;1 050;1 050;240;252 000;0.00%
25/04/2016;1 125;1 125;1 125;1 125;80;89 980;7.12%
26/04/2016;1 129;1 129;1 129;1 129;760;857 850;0.36%
27/04/2016;1 125;1 125;1 125;1 125;360;405 000;-0.33%
28/04/2016;1 209;1 209;1 209;1 209;480;580 500;7.50%
29/04/2016;1 300;1 300;1 300;1 300;80;104 000;7.49%
03/05/2016;1 300;1 300;1 300;1 300;520;676 000;0.00%
06/05/2016;1 375;1 375;1 375;1 375;1 640;2 255 000;5.77%
10/05/2016;1 350;1 350;1 350;1 350;400;540 000;-1.82%
11/05/2016;1 300;1 300;1 300;1 300;3 080;4 004 000;-3.70%
12/05/2016;1 300;1 300;1 300;1 300;4 600;5 979 425;-0.01%
13/05/2016;1 250;1 250;1 250;1 250;1 680;2 100 000;-3.84%
17/05/2016;1 300;1 300;1 300;1 300;40;51 995;3.99%
18/05/2016;1 300;1 300;1 300;1 300;200;260 000;0.01%
19/05/2016;1 300;1 300;1 300;1 300;360;468 000;0.00%
20/05/2016;1 300;1 300;1 300;1 300;320;416 000;0.00%
23/05/2016;1 300;1 300;1 300;1 300;80;103 990;-0.01%
24/05/2016;1 300;1 300;1 300;1 300;320;415 960;0.00%
25/05/2016;1 300;1 300;1 300;1 300;560;727 930;0.00%
26/05/2016;1 300;1 300;1 300;1 300;360;467 955;0.00%
27/05/2016;1 300;1 300;1 300;1 300;80;103 980;-0.01%
30/05/2016;1 300;1 300;1 300;1 300;360;467 910;0.00%
31/05/2016;1 202;1 202;1 202;1 202;3 160;3 799 505;-7.49%
02/06/2016;1 203;1 203;1 203;1 203;400;481 000;0.01%
06/06/2016;1 205;1 205;1 205;1 205;320;385 600;0.21%
10/06/2016;1 317;1 317;1 317;1 317;7 880;10 376 975;7.50%
13/06/2016;1 350;1 350;1 350;1 350;4 600;6 210 000;2.52%
14/06/2016;1 350;1 350;1 350;1 350;1 920;2 592 000;0.00%
15/06/2016;1 350;1 350;1 350;1 350;800;1 080 000;0.00%
16/06/2016;1 348;1 348;1 348;1 348;1 200;1 617 000;-0.19%
17/06/2016;1 250;1 250;1 250;1 250;2 760;3 450 000;-7.24%
20/06/2016;1 250;1 250;1 250;1 250;120;150 000;0.00%
21/06/2016;1 325;1 325;1 325;1 325;40;53 000;6.00%
22/06/2016;1 325;1 325;1 325;1 325;80;106 000;0.00%
24/06/2016;1 275;1 275;1 275;1 275;680;867 000;-3.77%
28/06/2016;1 225;1 225;1 225;1 225;3 600;4 411 350;-3.89%
29/06/2016;1 317;1 317;1 317;1 317;1 560;2 054 910;7.50%
30/06/2016;1 400;1 400;1 400;1 400;5 080;7 112 000;6.28%
01/07/2016;1 400;1 400;1 400;1 400;4 480;6 272 000;0.00%
04/07/2016;1 505;1 505;1 505;1 505;1 000;1 505 000;7.50%
08/07/2016;1 405;1 405;1 405;1 405;80;112 400;-6.64%
21/07/2016;1 300;1 300;1 300;1 300;80;103 970;-7.50%
22/07/2016;1 228;1 228;1 228;1 228;15 560;19 099 900;-5.55%
25/07/2016;1 300;1 300;1 300;1 300;1 040;1 352 000;5.91%
26/07/2016;1 300;1 300;1 300;1 300;600;780 000;0.00%
27/07/2016;1 250;1 250;1 250;1 250;20 640;25 800 000;-3.85%
29/07/2016;1 300;1 300;1 300;1 300;280;364 000;4.00%
03/08/2016;1 255;1 255;1 255;1 255;40;50 200;-3.46%
04/08/2016;1 255;1 255;1 255;1 255;960;1 204 800;0.00%
05/08/2016;1 275;1 275;1 275;1 275;240;306 000;1.59%
10/08/2016;1 255;1 255;1 255;1 255;560;702 800;-1.57%
16/08/2016;1 250;1 250;1 250;1 250;480;600 120;-0.38%
17/08/2016;1 250;1 250;1 250;1 250;360;450 090;0.00%
18/08/2016;1 250;1 250;1 250;1 250;200;250 000;-0.02%
19/08/2016;1 250;1 250;1 250;1 250;8 000;10 000 000;0.00%
23/08/2016;1 275;1 275;1 275;1 275;120;153 000;2.00%
25/08/2016;1 275;1 275;1 275;1 275;80;102 000;0.00%
26/08/2016;1 300;1 300;1 300;1 300;120;156 000;1.96%
29/08/2016;1 300;1 300;1 300;1 300;40;52 000;0.00%
30/08/2016;1 300;1 300;1 300;1 300;40;52 000;0.00%
31/08/2016;1 253;1 253;1 253;1 253;80;100 210;-3.64%
01/09/2016;1 263;1 263;1 263;1 263;320;404 040;0.80%
02/09/2016;1 265;1 265;1 265;1 265;200;253 025;0.20%
07/09/2016;1 263;1 263;1 263;1 263;6 640;8 383 000;0.00%
09/09/2016;1 250;1 250;1 250;1 250;49 240;61 550 000;-0.99%
13/09/2016;1 200;1 200;1 200;1 200;160;192 000;-4.00%
19/09/2016;1 215;1 215;1 215;1 215;480;583 200;1.25%
20/09/2016;1 225;1 225;1 225;1 225;840;1 029 000;0.82%
21/09/2016;1 250;1 250;1 250;1 250;120;150 000;2.04%
23/09/2016;1 263;1 263;1 263;1 263;80;101 000;1.00%
26/09/2016;1 225;1 225;1 225;1 225;200;245 000;-2.97%
27/09/2016;1 225;1 225;1 225;1 225;640;784 000;0.00%
29/09/2016;1 200;1 200;1 200;1 200;1 840;2 208 000;-2.04%
30/09/2016;1 200;1 200;1 200;1 200;1 000;1 200 000;0.00%
04/10/2016;1 175;1 175;1 175;1 175;800;940 000;-2.08%
05/10/2016;1 150;1 150;1 150;1 150;1 000;1 150 000;-2.13%
06/10/2016;1 175;1 175;1 175;1 175;1 000;1 175 000;2.17%
07/10/2016;1 150;1 150;1 150;1 150;1 800;2 070 000;-2.13%
10/10/2016;1 100;1 100;1 100;1 100;680;748 000;-4.35%
11/10/2016;1 103;1 103;1 103;1 103;400;441 000;0.23%
12/10/2016;1 100;1 100;1 100;1 100;200;219 975;-0.24%
13/10/2016;1 018;1 018;1 018;1 018;2 720;2 767 600;-7.49%
17/10/2016;963;963;963;963;440;423 500;-5.41%
18/10/2016;963;963;963;963;480;462 000;0.00%
20/10/2016;963;963;963;963;200;192 500;0.00%
28/10/2016;963;963;963;963;9 800;9 432 500;0.00%
02/11/2016;963;963;963;963;400;385 000;0.00%
03/11/2016;893;893;893;893;120;107 100;-7.27%
10/11/2016;890;890;890;890;40;35 590;-0.31%
22/11/2016;850;850;850;850;1 840;1 564 000;-4.47%
23/11/2016;850;850;850;850;160;136 000;0.00%
25/11/2016;823;823;823;823;80;65 850;-3.16%
02/12/2016;762;762;762;762;120;91 380;-7.49%
06/12/2016;820;820;820;820;200;164 000;0.18%
07/12/2016;820;820;820;820;80;65 580;-0.03%
09/12/2016;820;820;820;820;1 200;983 700;0.00%
14/12/2016;820;820;820;820;3 720;3 050 400;0.03%
15/12/2016;820;820;820;820;560;459 200;0.00%
19/12/2016;820;820;820;820;800;656 000;0.00%
20/12/2016;820;820;820;820;1 400;1 148 000;0.00%
21/12/2016;820;820;820;820;880;721 600;0.00%
30/12/2016;825;825;825;825;720;594 000;0.61%
05/01/2017;825;825;825;825;40;33 000;0.00%
10/01/2017;820;820;820;820;200;164 000;-0.61%
11/01/2017;850;850;850;850;400;340 000;3.66%
16/01/2017;914;914;914;914;80;73 100;7.50%
17/01/2017;982;982;982;982;200;196 450;7.50%
18/01/2017;1 056;1 056;1 056;1 056;400;422 350;7.50%
19/01/2017;1 135;1 135;1 135;1 135;160;181 600;7.49%
20/01/2017;1 220;1 220;1 220;1 220;680;829 685;7.50%
23/01/2017;1 135;1 135;1 135;1 135;360;408 600;-6.98%
26/01/2017;1 050;1 050;1 050;1 050;1 120;1 175 860;-7.50%
07/02/2017;971;971;971;971;120;116 550;-7.49%
08/02/2017;899;899;899;899;200;179 700;-7.49%
09/02/2017;838;838;838;838;720;603 000;-6.79%
10/02/2017;825;825;825;825;480;396 000;-1.49%
13/02/2017;800;800;800;800;1 080;864 000;-3.03%
14/02/2017;800;800;800;800;40;32 000;0.00%
15/02/2017;800;800;800;800;360;288 000;0.00%
17/02/2017;800;800;800;800;600;480 150;0.03%
20/02/2017;775;775;775;775;4 440;3 441 000;-3.16%
21/02/2017;800;800;800;800;80;64 030;3.27%
22/02/2017;825;825;825;825;40;33 005;3.09%
23/02/2017;887;887;887;887;440;390 280;7.50%
28/02/2017;887;887;887;887;1 000;887 000;0.00%
01/03/2017;954;954;954;954;40;38 140;7.50%
03/03/2017;900;900;900;900;40;36 000;-5.61%
09/03/2017;950;950;950;950;800;760 000;5.56%
15/03/2017;975;975;975;975;200;195 000;2.63%
28/03/2017;902;902;902;902;760;685 520;-7.49%
30/03/2017;875;875;875;875;1 280;1 119 680;-3.02%
03/04/2017;849;849;849;849;1 160;984 260;-3.00%
04/04/2017;845;845;845;845;480;405 600;-0.41%
05/04/2017;782;782;782;782;40;31 265;-7.50%
06/04/2017;775;775;775;775;40;31 000;-0.85%
07/04/2017;775;775;775;775;440;341 000;0.00%
10/04/2017;775;775;775;775;800;620 000;0.00%
11/04/2017;775;775;775;775;80;62 000;0.00%
13/04/2017;750;750;750;750;1 000;750 000;-3.23%
24/04/2017;750;750;750;750;2 000;1 500 000;0.00%
25/04/2017;753;753;753;753;600;451 500;0.33%
27/04/2017;750;750;750;750;80;60 000;-0.33%
04/05/2017;700;700;700;700;1 120;784 000;-6.67%
05/05/2017;700;700;700;700;400;280 000;0.00%
09/05/2017;700;700;700;700;160;112 000;0.00%
17/05/2017;713;713;713;713;400;285 050;1.80%
18/05/2017;700;700;700;700;480;336 000;-1.77%
26/05/2017;700;700;700;700;40;27 995;-0.02%
13/06/2017;625;625;625;625;80;50 000;-3.47%
14/06/2017;625;625;625;625;120;75 000;0.00%
15/06/2017;648;648;648;648;280;181 300;3.60%
28/06/2017;645;645;645;645;360;232 200;-0.39%
03/07/2017;597;597;597;597;40;23 865;-7.50%
04/07/2017;552;552;552;552;40;22 080;-7.48%
06/07/2017;513;513;513;513;240;123 000;-7.16%
11/07/2017;475;475;475;475;200;95 000;-7.32%
12/07/2017;440;440;440;440;240;105 600;-7.37%
17/07/2017;408;408;408;408;40;16 300;-7.39%
18/07/2017;377;377;377;377;2 840;1 070 680;-7.48%
19/07/2017;375;375;375;375;560;210 000;-0.53%
24/07/2017;349;349;349;349;280;97 825;-6.83%
26/07/2017;375;375;375;375;200;75 000;7.33%
27/07/2017;375;375;375;375;160;60 000;0.00%
21/08/2017;400;400;400;400;600;240 000;6.67%
23/08/2017;430;430;430;430;200;86 000;7.50%
25/08/2017;430;430;430;430;40;17 200;0.00%
29/08/2017;400;400;400;400;440;176 000;-6.98%
30/08/2017;400;400;400;400;120;48 000;0.00%
15/09/2017;430;430;430;430;280;120 400;0.00%
22/09/2017;430;430;430;430;800;344 000;0.00%
26/09/2017;430;430;430;430;240;103 200;0.00%
27/09/2017;400;400;400;400;40;16 000;-6.98%
02/10/2017;413;413;413;413;80;33 050;3.28%
04/10/2017;413;413;413;413;240;99 150;0.00%
05/10/2017;413;413;413;413;240;99 150;0.00%
11/10/2017;400;400;400;400;80;32 000;-3.18%
12/10/2017;400;400;400;400;120;48 000;0.00%
13/10/2017;413;413;413;413;80;33 050;3.28%
03/11/2017;400;400;400;400;320;128 000;-3.18%
20/11/2017;375;375;375;375;400;150 000;-6.25%
08/12/2017;347;347;347;347;400;138 750;-7.50%
12/12/2017;347;347;347;347;400;138 750;0.00%
20/12/2017;347;347;347;347;40;13 875;0.00%
22/12/2017;347;347;347;347;1 760;610 500;0.00%
25/12/2017;347;347;347;347;1 760;610 500;0.00%
04/01/2018;363;363;363;363;80;29 000;4.50%
05/01/2018;363;363;363;363;120;43 500;0.00%
08/01/2018;350;350;350;350;560;196 000;-3.45%
09/01/2018;350;350;350;350;400;140 000;0.00%
10/01/2018;350;350;350;350;40;13 990;-0.07%
11/01/2018;357;357;357;357;1 520;542 070;1.97%
12/01/2018;357;357;357;357;1 000;356 625;0.00%
25/01/2018;350;350;350;350;1 480;518 000;-1.86%
26/01/2018;350;350;350;350;1 400;490 000;0.00%
06/02/2018;327;327;327;327;40;13 075;-6.61%
07/02/2018;327;327;327;327;160;52 300;0.00%
08/02/2018;325;325;325;325;400;130 000;-0.57%
15/02/2018;325;325;325;325;240;78 000;0.00%
21/02/2018;325;325;325;325;40;13 000;0.00%
23/02/2018;325;325;325;325;40;13 000;0.00%
26/02/2018;325;325;325;325;840;273 000;0.00%
27/02/2018;338;338;338;338;120;40 500;3.85%
01/03/2018;338;338;338;338;360;121 500;0.00%
08/03/2018;363;363;363;363;640;232 160;7.48%
16/03/2018;363;363;363;363;120;43 530;0.00%
20/03/2018;363;363;363;363;840;304 500;-0.07%
21/03/2018;363;363;363;363;19 160;6 945 500;0.00%
28/03/2018;355;355;355;355;200;71 050;-2.00%
29/03/2018;348;348;348;348;960;334 320;-1.97%
03/04/2018;341;341;341;341;1 000;341 375;-1.97%
05/04/2018;363;363;363;363;4 000;1 450 000;6.19%
06/04/2018;363;363;363;363;4 000;1 450 000;0.00%
09/04/2018;363;363;363;363;5 440;1 972 000;0.00%
11/04/2018;363;363;363;363;4 120;1 493 500;0.00%
13/04/2018;363;363;363;363;200;72 575;0.10%
16/04/2018;363;363;363;363;40;14 515;0.00%
17/04/2018;363;363;363;363;6 000;2 175 000;-0.10%
18/04/2018;363;363;363;363;8 000;2 903 000;0.10%
19/04/2018;363;363;363;363;80;29 030;0.00%
23/04/2018;363;363;363;363;4 480;1 624 000;-0.10%
24/04/2018;363;363;363;363;40;14 500;0.00%
25/04/2018;363;363;363;363;880;319 000;0.00%
27/04/2018;363;363;363;363;4 000;1 450 000;0.00%
11/05/2018;355;355;355;355;120;42 600;-2.07%
16/05/2018;348;348;348;348;80;27 840;-1.97%
22/05/2018;325;325;325;325;40;13 000;-6.61%
24/05/2018;345;345;345;345;80;27 600;6.15%
28/05/2018;344;344;344;344;320;110 000;-0.36%
02/07/2018;280;280;280;280;200;56 000;-17.95%
03/07/2018;280;280;280;280;120;33 600;0.00%
04/07/2018;295;295;295;295;160;47 240;5.45%
05/07/2018;317;317;317;317;400;126 950;7.49%
16/07/2018;308;308;308;308;320;98 400;-3.11%
17/07/2018;313;313;313;313;10 800;3 375 000;1.63%
19/07/2018;317;317;317;317;1 480;469 715;1.56%
20/07/2018;313;313;313;313;4 000;1 250 000;-1.54%
23/07/2018;308;308;308;308;120;36 900;-1.60%
25/07/2018;325;325;325;325;720;234 000;5.69%
31/07/2018;340;340;340;340;360;122 310;4.54%
01/08/2018;340;340;340;340;800;271 800;0.00%
13/08/2018;340;340;340;340;40;13 590;0.00%
22/08/2018;340;340;340;340;40;13 580;-0.07%
24/08/2018;340;340;340;340;4 000;1 358 500;0.04%
31/08/2018;340;340;340;340;680;231 200;0.00%
06/09/2018;338;338;338;338;400;135 250;-0.55%
21/09/2018;335;335;335;335;200;67 000;-0.92%
24/09/2018;335;335;335;335;120;40 200;0.00%
02/10/2018;335;335;335;335;200;66 925;-0.11%
03/10/2018;335;335;335;335;40;13 380;-0.04%
16/10/2018;325;325;325;325;40;13 000;-2.84%
23/10/2018;325;325;325;325;40;13 000;0.00%
02/11/2018;325;325;325;325;2 520;819 000;0.00%
05/11/2018;325;325;325;325;4 480;1 456 000;0.00%
06/11/2018;325;325;325;325;120;39 000;0.00%
07/11/2018;319;319;319;319;1 880;598 780;-2.00%
08/11/2018;319;319;319;319;80;25 480;0.00%
12/11/2018;308;308;308;308;800;246 000;-3.45%
13/11/2018;319;319;319;319;160;50 960;3.58%
16/11/2018;319;319;319;319;80;25 480;0.00%
11/12/2018;318;318;318;318;240;76 200;-0.31%
12/12/2018;318;318;318;318;240;76 200;0.00%
14/12/2018;318;318;318;318;80;25 400;0.00%
17/12/2018;313;313;313;313;1 160;362 500;-1.57%
18/12/2018;289;289;289;289;800;231 300;-7.48%
19/12/2018;289;289;289;289;400;115 650;0.00%
28/12/2018;290;290;290;290;795;230 550;0.30%
31/12/2018;300;300;300;300;5;1 500;3.45%
02/01/2019;300;300;300;300;9;2 700;0.00%
07/01/2019;310;310;310;310;24;7 440;3.33%
09/01/2019;330;330;330;330;1 120;369 600;6.45%
10/01/2019;350;350;350;350;1 209;423 150;6.06%
11/01/2019;350;350;350;350;851;297 850;0.00%
14/01/2019;350;350;350;350;398;139 300;0.00%
15/01/2019;345;345;345;345;484;166 980;-1.43%
16/01/2019;320;325;325;320;589;189 953;-7.25%
17/01/2019;315;315;315;315;211;66 465;-1.56%
18/01/2019;315;315;315;315;372;117 180;0.00%
23/01/2019;310;310;310;310;26;8 060;-1.59%
24/01/2019;330;330;330;330;25;8 250;6.45%
25/01/2019;315;315;315;315;70;22 050;-4.55%
28/01/2019;300;300;300;300;860;258 000;-4.76%
29/01/2019;300;300;300;300;100;30 000;0.00%
30/01/2019;290;290;290;290;934;270 860;-3.33%
05/02/2019;290;290;290;290;44;12 760;0.00%
06/02/2019;270;270;270;270;85;22 950;-6.90%
07/02/2019;265;265;265;265;260;68 900;-1.85%
11/02/2019;265;265;265;265;352;93 280;0.00%
14/02/2019;265;265;265;265;200;53 000;0.00%
18/02/2019;270;265;270;265;774;207 045;1.89%
20/02/2019;260;270;270;260;1 001;265 265;-3.70%
21/02/2019;260;260;260;260;130;33 800;0.00%
26/02/2019;275;275;275;275;2 000;550 000;0.00%
27/02/2019;280;280;280;280;2;560;1.82%
28/02/2019;290;290;290;290;150;43 500;3.57%
01/03/2019;295;295;295;295;80;23 600;1.72%
04/03/2019;300;300;300;300;15;4 500;1.69%
05/03/2019;300;295;300;295;104;30 940;0.00%
06/03/2019;300;300;300;300;3;900;0.00%
08/03/2019;295;295;295;295;126;37 170;-1.67%
11/03/2019;295;295;295;295;200;59 000;0.00%
12/03/2019;300;300;300;300;10;3 000;1.69%
14/03/2019;295;295;295;295;28;8 260;-1.67%
15/03/2019;290;290;290;290;32;9 280;-1.69%
18/03/2019;295;295;295;295;102;30 090;1.72%
19/03/2019;300;295;300;295;270;80 325;1.69%
20/03/2019;295;295;295;295;100;29 500;-1.67%
21/03/2019;300;300;300;300;110;33 000;1.69%
25/03/2019;300;300;300;300;11;3 300;0.00%
26/03/2019;300;300;300;300;150;45 000;0.00%
27/03/2019;300;295;300;295;245;72 888;0.00%
28/03/2019;300;300;300;300;523;156 900;0.00%
29/03/2019;300;300;300;300;300;90 000;0.00%
01/04/2019;295;295;295;295;220;64 900;-1.67%
02/04/2019;295;295;295;295;10;2 950;0.00%
03/04/2019;280;280;280;280;104;29 120;-5.08%
04/04/2019;260;260;260;260;20;5 200;-7.14%
05/04/2019;260;260;260;260;676;175 760;0.00%
08/04/2019;260;260;260;260;2 233;580 580;0.00%
09/04/2019;250;250;250;250;188;47 000;-3.85%
10/04/2019;255;245;255;245;1 625;406 250;2.00%
11/04/2019;255;255;255;255;1 381;352 155;0.00%
12/04/2019;250;265;265;250;1 816;467 620;-1.96%
15/04/2019;265;250;265;250;141;36 308;6.00%
17/04/2019;300;280;300;280;15;4 350;13.21%
18/04/2019;300;300;300;300;7;2 100;0.00%
19/04/2019;300;300;300;300;655;196 500;0.00%
22/04/2019;300;300;300;300;655;196 500;0.00%
26/04/2019;300;300;300;300;302;90 600;0.00%
29/04/2019;300;300;300;300;10;3 000;0.00%
02/05/2019;280;285;285;280;270;76 275;-6.67%
03/05/2019;285;280;285;280;48;13 560;1.79%
06/05/2019;285;290;290;285;727;209 013;0.00%
07/05/2019;290;290;290;290;5;1 450;1.75%
09/05/2019;300;300;300;300;40;12 000;3.45%
10/05/2019;295;295;295;295;5;1 475;-1.67%
13/05/2019;300;300;300;300;105;31 500;1.69%
14/05/2019;300;300;300;300;20;6 000;0.00%
16/05/2019;300;295;300;295;1 460;434 350;0.00%
20/05/2019;295;295;295;295;40;11 800;-1.67%
23/05/2019;295;295;295;295;345;101 775;0.00%
27/05/2019;300;300;300;300;328;98 400;0.00%
28/05/2019;300;300;300;300;40;12 000;0.00%
29/05/2019;300;295;300;295;170;50 575;0.00%
30/05/2019;300;295;300;295;170;50 575;0.00%
06/06/2019;280;280;280;280;100;28 000;-6.67%
07/06/2019;260;260;260;260;22;5 720;-7.14%
11/06/2019;245;245;245;245;102;24 990;-5.77%
12/06/2019;245;245;245;245;25;6 125;0.00%
14/06/2019;245;245;245;245;4;980;0.00%
17/06/2019;240;240;240;240;10;2 400;-2.04%
21/06/2019;225;225;225;225;125;28 125;-6.25%
24/06/2019;210;225;225;210;681;148 118;-6.67%
25/06/2019;215;210;215;210;1 000;212 500;2.38%
26/06/2019;215;210;215;210;281;59 713;0.00%
27/06/2019;215;215;215;215;1 120;240 800;0.00%
28/06/2019;215;215;215;215;622;133 730;0.00%
01/07/2019;215;215;215;215;372;79 980;0.00%
04/07/2019;225;225;225;225;1;225;4.65%
05/07/2019;215;215;215;215;140;30 100;-4.44%
08/07/2019;205;210;210;205;730;151 475;-4.65%
09/07/2019;200;210;210;200;101;20 705;-2.44%
10/07/2019;200;200;200;200;150;30 000;0.00%
11/07/2019;200;200;200;200;350;70 000;0.00%
12/07/2019;210;200;210;200;551;112 955;5.00%
15/07/2019;200;215;215;200;1 189;246 718;-4.76%
16/07/2019;200;200;200;200;1 606;321 200;0.00%
17/07/2019;200;190;200;190;2 280;444 600;0.00%
19/07/2019;200;200;200;200;599;119 800;0.00%
22/07/2019;215;215;215;215;247;53 105;7.50%
23/07/2019;215;200;215;200;130;26 975;0.00%
25/07/2019;215;200;215;200;522;108 315;0.00%
26/07/2019;215;215;215;215;200;43 000;0.00%
30/07/2019;210;200;210;200;161;33 005;-2.33%
31/07/2019;210;210;210;210;10;2 100;0.00%
01/08/2019;200;195;200;195;2 430;479 925;-4.76%
02/08/2019;200;200;200;200;1;200;0.00%
06/08/2019;185;200;200;185;1 750;336 875;-7.50%
07/08/2019;185;200;200;185;1 750;336 875;0.00%
09/08/2019;180;185;185;180;130;23 725;-2.70%
12/08/2019;180;185;185;180;130;23 725;0.00%
13/08/2019;170;170;170;170;105;17 850;-5.56%
14/08/2019;175;180;180;175;151;26 803;2.94%
15/08/2019;175;180;180;175;151;26 803;0.00%
16/08/2019;185;185;185;185;303;56 055;5.71%
19/08/2019;190;190;190;190;2;380;2.70%
20/08/2019;180;180;180;180;1 640;295 200;-5.26%
21/08/2019;180;180;180;180;130;23 400;0.00%
23/08/2019;180;180;180;180;250;45 000;0.00%
27/08/2019;175;175;175;175;1 005;175 875;-2.78%
28/08/2019;175;175;175;175;1 010;176 750;0.00%
29/08/2019;175;175;175;175;300;52 500;0.00%
02/09/2019;175;175;175;175;181;31 675;0.00%
03/09/2019;170;175;175;170;1 031;177 848;-2.86%
04/09/2019;170;175;175;170;1 800;310 500;0.00%
05/09/2019;165;170;170;165;578;96 815;-2.94%
06/09/2019;165;165;165;165;80;13 200;0.00%
09/09/2019;170;165;170;165;44;7 370;3.03%
10/09/2019;170;170;170;170;260;44 200;0.00%
13/09/2019;170;170;170;170;19;3 230;0.00%
17/09/2019;175;175;175;175;10;1 750;2.94%
18/09/2019;170;170;170;170;185;31 450;-2.86%
19/09/2019;170;170;170;170;117;19 890;0.00%
25/09/2019;170;170;170;170;20;3 400;0.00%
01/10/2019;160;160;160;160;150;24 000;-5.88%
02/10/2019;160;155;160;155;616;97 020;0.00%
03/10/2019;170;160;170;160;2 100;346 500;6.25%
04/10/2019;170;160;170;160;1 571;259 215;0.00%
07/10/2019;165;170;170;165;150;25 125;-2.94%
08/10/2019;155;155;155;155;55;8 525;-6.06%
10/10/2019;150;160;160;150;3 915;606 825;-3.23%
14/10/2019;150;150;150;150;100;15 000;0.00%
16/10/2019;160;160;160;160;10;1 600;6.67%
18/10/2019;160;160;160;160;10;1 600;0.00%
21/10/2019;150;150;150;150;100;15 000;-6.25%
22/10/2019;160;160;160;160;70;11 200;6.67%
23/10/2019;150;150;150;150;139;20 850;-6.25%
24/10/2019;150;150;150;150;4;600;0.00%
25/10/2019;150;140;150;140;60;8 700;0.00%
28/10/2019;150;150;150;150;100;15 000;0.00%
29/10/2019;140;145;145;140;54;7 695;-6.67%
31/10/2019;140;140;140;140;220;30 800;0.00%
01/11/2019;140;140;140;140;220;30 800;0.00%
07/11/2019;140;140;140;140;100;14 000;0.00%
08/11/2019;140;140;140;140;6 495;909 300;0.00%
11/11/2019;140;140;140;140;10 200;1 428 000;0.00%
12/11/2019;140;140;140;140;6 300;882 000;0.00%
13/11/2019;140;140;140;140;10;1 400;0.00%
14/11/2019;140;140;140;140;860;120 400;0.00%
18/11/2019;140;140;140;140;150;21 000;0.00%
21/11/2019;140;140;140;140;50;7 000;3.70%
22/11/2019;140;140;140;140;160;22 400;0.00%
25/11/2019;140;140;140;140;2;280;0.00%
26/11/2019;135;135;135;135;200;27 000;-3.57%
27/11/2019;130;140;140;130;170;22 950;-3.70%
03/12/2019;125;125;125;125;2 120;265 000;-3.85%
05/12/2019;125;125;125;125;525;65 625;0.00%
06/12/2019;120;120;120;120;780;93 600;-4.00%
09/12/2019;115;115;115;115;1 250;143 750;-4.17%
11/12/2019;115;115;115;115;1 750;201 250;0.00%
12/12/2019;120;115;120;115;600;70 500;4.35%
13/12/2019;120;125;125;120;4 715;577 588;0.00%
17/12/2019;125;125;125;125;3 511;438 875;4.17%
18/12/2019;130;130;130;130;620;80 600;4.00%
19/12/2019;130;130;130;130;7 852;1 020 760;0.00%
24/12/2019;130;130;130;130;100;13 000;0.00%
25/12/2019;130;130;130;130;100;13 000;0.00%
26/12/2019;130;130;130;130;13;1 690;0.00%
27/12/2019;130;125;130;125;3 777;481 568;0.00%
30/12/2019;130;130;130;130;135;17 550;0.00%
06/01/2020;130;130;130;130;250;32 500;0.00%
07/01/2020;130;125;130;125;580;73 950;0.00%
08/01/2020;125;125;125;125;3 620;452 500;-3.85%
13/01/2020;130;130;130;130;370;48 100;4.00%
14/01/2020;130;130;130;130;1 220;158 600;0.00%
15/01/2020;125;125;125;125;2 510;313 750;-3.85%
20/01/2020;125;130;130;125;250;31 875;0.00%
23/01/2020;130;130;130;130;700;91 000;4.00%
24/01/2020;130;130;130;130;2 054;267 020;0.00%
27/01/2020;125;130;130;125;2 335;297 713;-3.85%
28/01/2020;125;125;125;125;10;1 250;0.00%
31/01/2020;125;125;125;125;205;25 625;0.00%
04/02/2020;120;130;130;120;535;66 875;-4.00%
05/02/2020;125;125;125;125;100;12 500;4.17%
06/02/2020;125;125;125;125;2 090;261 250;0.00%
11/02/2020;125;125;125;125;170;21 250;0.00%
12/02/2020;125;125;125;125;170;21 250;0.00%
13/02/2020;125;125;125;125;1 580;197 500;0.00%
14/02/2020;125;125;125;125;1;125;0.00%
20/02/2020;120;125;125;120;152;18 620;-4.00%
24/02/2020;115;115;115;115;500;57 500;-4.17%
27/02/2020;115;115;115;115;250;28 750;0.00%
28/02/2020;120;115;120;115;180;21 150;4.35%
05/03/2020;125;125;125;125;15;1 875;4.17%
06/03/2020;120;120;120;120;440;52 800;-4.00%
09/03/2020;115;115;115;115;500;57 500;-4.17%
10/03/2020;115;115;115;115;103;11 845;0.00%
12/03/2020;115;115;115;115;305;35 075;0.00%
19/03/2020;115;115;115;115;16;1 840;0.00%
20/03/2020;115;115;115;115;104;11 960;0.00%
23/03/2020;120;120;120;120;10;1 200;4.35%
25/03/2020;120;120;120;120;16;1 920;0.00%
26/03/2020;115;115;115;115;326;37 490;-4.17%
30/03/2020;115;115;115;115;100;11 500;0.00%
03/04/2020;115;115;115;115;2 628;302 220;0.00%
07/04/2020;120;120;120;120;1 792;215 040;4.35%
16/04/2020;115;115;115;115;585;67 275;-4.17%
17/04/2020;115;115;115;115;120;13 800;0.00%
20/04/2020;115;115;115;115;100;11 500;0.00%
21/04/2020;115;115;115;115;80;9 200;0.00%
27/04/2020;120;120;120;120;5;600;4.35%
28/04/2020;125;125;125;125;5;625;4.17%
29/04/2020;125;125;125;125;16;2 000;0.00%
30/04/2020;125;125;125;125;100;12 500;0.00%
01/05/2020;125;125;125;125;100;12 500;0.00%
04/05/2020;120;120;120;120;100;12 000;-4.00%
05/05/2020;120;120;120;120;9 510;1 141 200;0.00%
13/05/2020;120;120;120;120;50;6 000;0.00%
15/05/2020;120;120;120;120;510;61 200;0.00%
27/05/2020;115;115;115;115;200;23 000;-4.17%
28/05/2020;110;115;115;110;210;23 625;-4.35%
29/05/2020;110;110;110;110;225;24 750;0.00%
01/06/2020;110;110;110;110;225;24 750;0.00%
04/06/2020;110;110;110;110;134;14 740;0.00%
15/06/2020;115;115;115;115;400;46 000;4.55%
19/06/2020;120;120;120;120;10;1 200;4.35%
22/06/2020;125;125;125;125;90;11 250;4.17%
23/06/2020;125;125;125;125;200;25 000;0.00%
24/06/2020;125;125;125;125;230;28 750;0.00%
29/06/2020;125;125;125;125;300;37 500;0.00%
01/07/2020;125;125;125;125;367;45 875;0.00%
02/07/2020;130;130;130;130;1 280;166 400;4.00%
03/07/2020;135;135;135;135;1 150;155 250;3.85%
06/07/2020;145;145;145;145;301;43 645;7.41%
07/07/2020;155;155;155;155;226;35 030;6.90%
08/07/2020;165;165;165;165;930;153 450;6.45%
09/07/2020;175;175;175;175;63;11 025;6.06%
10/07/2020;185;185;185;185;210;38 850;5.71%
13/07/2020;195;190;195;190;458;88 165;5.41%
14/07/2020;205;205;205;205;215;44 075;5.13%
15/07/2020;220;220;220;220;310;68 200;7.32%
16/07/2020;235;235;235;235;1 525;358 375;6.82%
17/07/2020;220;235;235;220;2 612;594 230;-6.38%
20/07/2020;205;205;205;205;27;5 535;-6.82%
21/07/2020;190;190;190;190;10;1 900;-7.32%
22/07/2020;190;185;190;185;94;17 625;0.00%
23/07/2020;185;185;185;185;1 201;222 185;-2.63%
24/07/2020;175;185;185;175;330;59 400;-5.41%
27/07/2020;165;165;165;165;2 214;365 310;-5.71%
28/07/2020;165;165;165;165;110;18 150;0.00%
30/07/2020;160;160;160;160;40;6 400;-3.03%
31/07/2020;160;160;160;160;40;6 400;0.00%
03/08/2020;165;160;165;160;1 040;169 000;3.13%
04/08/2020;155;160;160;155;84;13 230;-6.06%
10/08/2020;155;155;155;155;88;13 640;0.00%
11/08/2020;145;155;155;145;200;30 000;-6.45%
12/08/2020;145;145;145;145;1 660;240 700;0.00%
14/08/2020;140;140;140;140;670;93 800;-3.45%
17/08/2020;135;140;140;135;670;92 125;-3.57%
18/08/2020;135;135;135;135;50;6 750;0.00%
21/08/2020;135;140;140;135;3 850;529 375;0.00%
24/08/2020;135;140;140;135;5 210;716 375;0.00%
25/08/2020;140;140;140;140;3 500;490 000;3.70%
26/08/2020;135;135;135;135;1 000;135 000;-3.57%
27/08/2020;135;140;140;135;2 315;318 313;0.00%
28/08/2020;135;135;135;135;4 695;633 825;0.00%
01/09/2020;135;135;135;135;770;103 950;0.00%
07/09/2020;130;130;130;130;270;35 100;-3.70%
08/09/2020;130;130;130;130;800;104 000;0.00%
09/09/2020;130;130;130;130;5;650;0.00%
10/09/2020;125;125;125;125;90;11 250;-3.85%
11/09/2020;125;125;125;125;1 445;180 625;0.00%
15/09/2020;130;130;130;130;1;130;4.00%
17/09/2020;130;130;130;130;106;13 780;0.00%
18/09/2020;130;130;130;130;2 000;260 000;0.00%
21/09/2020;130;130;130;130;280;36 400;0.00%
22/09/2020;125;125;125;125;320;40 000;-3.85%
23/09/2020;125;125;125;125;320;40 000;0.00%
24/09/2020;125;125;125;125;320;40 000;0.00%
25/09/2020;125;125;125;125;320;40 000;0.00%
29/09/2020;130;130;130;130;5;650;4.00%
30/09/2020;135;135;135;135;200;27 000;3.85%
01/10/2020;135;135;135;135;1 826;246 510;0.00%
02/10/2020;135;135;135;135;30;4 050;0.00%
05/10/2020;135;125;135;125;217;28 210;0.00%
06/10/2020;130;135;135;130;5 083;673 498;-3.70%
09/10/2020;135;135;135;135;5;675;3.85%
12/10/2020;135;135;135;135;5;675;0.00%
13/10/2020;135;130;135;130;401;53 133;0.00%
14/10/2020;130;135;135;130;502;66 515;-3.70%
15/10/2020;135;135;135;135;10;1 350;3.85%
16/10/2020;135;135;135;135;30;4 050;0.00%
19/10/2020;135;135;135;135;12;1 620;0.00%
22/10/2020;135;135;135;135;300;40 500;0.00%
26/10/2020;135;130;135;130;340;45 050;0.00%
27/10/2020;130;135;135;130;1 977;261 953;-3.70%
28/10/2020;130;130;130;130;1 858;241 540;0.00%
29/10/2020;130;130;130;130;1 858;241 540;0.00%
30/10/2020;135;135;135;135;5;675;3.85%
02/11/2020;145;145;145;145;5;725;7.41%
03/11/2020;135;145;145;135;4 007;560 980;-6.90%
04/11/2020;145;145;145;145;7;1 015;7.41%
05/11/2020;145;145;145;145;100;14 500;0.00%
06/11/2020;150;145;150;145;30;4 425;3.45%
10/11/2020;145;150;150;145;205;30 238;-3.33%
12/11/2020;140;135;140;135;55;7 563;-3.45%
13/11/2020;140;140;140;140;100;14 000;0.00%
16/11/2020;140;140;140;140;12;1 680;0.00%
17/11/2020;140;140;140;140;500;70 000;0.00%
19/11/2020;140;145;145;140;12;1 710;0.00%
20/11/2020;140;140;140;140;120;16 800;0.00%
23/11/2020;140;140;140;140;74;10 360;0.00%
24/11/2020;140;140;140;140;259;36 260;0.00%
25/11/2020;140;140;140;140;2 100;294 000;0.00%
27/11/2020;140;140;140;140;500;70 000;0.00%
02/12/2020;140;135;140;135;36 000;4 950 000;0.00%
03/12/2020;145;145;145;145;2 150;311 750;3.57%
04/12/2020;150;145;150;145;17 880;2 637 300;3.45%
07/12/2020;160;160;160;160;721;115 360;6.67%
08/12/2020;170;170;170;170;800;136 000;6.25%
09/12/2020;180;170;180;170;4 730;827 750;5.88%
10/12/2020;190;170;190;170;6 070;1 092 600;5.56%
11/12/2020;190;190;190;190;272;51 680;0.00%
23/12/2020;190;180;190;180;2 510;464 350;0.00%
28/12/2020;180;180;180;180;568;102 240;-5.26%
29/12/2020;190;190;190;190;7 749;1 472 310;5.56%
30/12/2020;195;190;195;190;955;183 838;2.63%
31/12/2020;200;190;200;190;647;126 165;2.56%
05/01/2021;200;200;200;200;559;111 800;0.00%
06/01/2021;195;195;195;195;10;1 950;-2.50%
11/01/2021;185;185;185;185;15;2 775;-5.13%
12/01/2021;190;190;190;190;15 360;2 918 400;2.70%
13/01/2021;200;200;200;200;3 355;671 000;5.26%
14/01/2021;200;200;200;200;5 942;1 188 400;0.00%
15/01/2021;210;210;210;210;2;420;5.00%
19/01/2021;210;205;210;205;85;17 638;0.00%
20/01/2021;200;210;210;200;870;178 350;-4.76%
21/01/2021;215;200;215;200;9 515;1 974 363;7.50%
22/01/2021;215;205;215;205;61 728;12 962 880;0.00%
25/01/2021;230;200;230;200;1 155;248 325;6.98%
26/01/2021;230;230;230;230;20;4 600;0.00%
27/01/2021;245;215;245;215;922;212 060;6.52%
28/01/2021;230;240;240;230;645;151 575;-6.12%
29/01/2021;245;245;245;245;105;25 725;6.52%
01/02/2021;245;245;245;245;520;127 400;0.00%
03/02/2021;240;240;240;240;3;720;-2.04%
04/02/2021;240;240;240;240;240;57 600;0.00%
08/02/2021;240;240;240;240;27;6 480;0.00%
09/02/2021;235;240;240;235;46;10 925;-2.08%
11/02/2021;235;235;235;235;5;1 175;0.00%
15/02/2021;230;220;230;220;7;1 575;-2.13%
16/02/2021;230;230;230;230;54;12 420;0.00%
17/02/2021;215;215;215;215;2 051;440 965;-6.52%
18/02/2021;200;210;210;200;30 811;6 316 255;-6.98%
19/02/2021;200;200;200;200;1 740;348 000;0.00%
22/02/2021;210;210;210;210;50;10 500;5.00%
24/02/2021;210;210;210;210;50;10 500;0.00%
25/02/2021;225;225;225;225;800;180 000;7.14%
26/02/2021;235;235;235;235;2 310;542 850;4.44%
02/03/2021;220;240;240;220;982;225 860;-6.38%
03/03/2021;220;220;220;220;220;48 400;0.00%
05/03/2021;220;220;220;220;50;11 000;0.00%
16/03/2021;220;220;220;220;6 017;1 323 740;0.00%
17/03/2021;220;220;220;220;100;22 000;0.00%
19/03/2021;210;210;210;210;362;76 020;-4.55%
22/03/2021;205;205;205;205;1;205;-2.38%
24/03/2021;210;210;210;210;360;75 600;2.44%
25/03/2021;210;210;210;210;200;42 000;0.00%
26/03/2021;210;210;210;210;26;5 460;0.00%
29/03/2021;200;210;210;200;32;6 560;-4.76%
30/03/2021;200;200;200;200;400;80 000;0.00%
07/04/2021;200;200;200;200;340;68 000;0.00%
13/04/2021;215;215;215;215;14;3 010;7.50%
15/04/2021;215;215;215;215;50;10 750;0.00%
16/04/2021;200;200;200;200;441;88 200;-6.98%
19/04/2021;200;200;200;200;200;40 000;0.00%
22/04/2021;200;200;200;200;1 479;295 800;0.00%
26/04/2021;215;215;215;215;1;215;7.50%
27/04/2021;230;220;230;220;134;30 150;6.98%
28/04/2021;245;245;245;245;100;24 500;6.52%
29/04/2021;260;260;260;260;4 000;1 040 000;6.12%
30/04/2021;275;275;275;275;25;6 875;5.77%
03/05/2021;295;295;295;295;1 522;448 990;7.27%
04/05/2021;315;315;315;315;600;189 000;6.78%
05/05/2021;335;335;335;335;2 601;871 335;6.35%
06/05/2021;360;360;360;360;4 140;1 490 400;7.46%
07/05/2021;385;385;385;385;7 162;2 757 370;6.94%
10/05/2021;410;410;410;410;5 030;2 062 300;6.49%
11/05/2021;380;410;410;380;6 842;2 702 590;-7.32%
12/05/2021;380;410;410;380;6 842;2 702 590;0.00%
14/05/2021;380;400;400;380;6 790;2 648 100;0.00%
17/05/2021;405;405;405;405;56 907;23 047 335;6.58%
18/05/2021;400;405;405;400;10 522;4 235 105;-1.23%
19/05/2021;395;400;400;395;5 775;2 295 563;-1.25%
20/05/2021;395;395;395;395;462;182 490;0.00%
21/05/2021;395;395;395;395;10;3 950;0.00%
24/05/2021;395;395;395;395;10;3 950;0.00%
25/05/2021;380;390;390;380;238;91 630;-3.80%
26/05/2021;380;370;380;370;3 686;1 382 250;0.00%
27/05/2021;395;375;395;375;4 350;1 674 750;3.95%
28/05/2021;400;395;400;395;4 206;1 671 885;1.27%
31/05/2021;430;430;430;430;25 200;10 836 000;7.50%
01/06/2021;420;460;460;420;5 850;2 574 000;-2.33%
02/06/2021;420;415;420;415;1 594;665 495;0.00%
03/06/2021;420;420;420;420;422;177 240;0.00%
04/06/2021;450;420;450;420;2 008;873 480;7.14%
07/06/2021;450;420;450;420;231;100 485;0.00%
08/06/2021;425;445;445;425;220;95 700;-5.56%
09/06/2021;430;425;430;425;1 031;440 753;1.18%
10/06/2021;400;430;430;400;707;293 405;-6.98%
11/06/2021;400;395;400;395;1 833;728 618;0.00%
14/06/2021;430;430;430;430;704;302 720;7.50%
15/06/2021;430;430;430;430;4 180;1 797 400;0.00%
16/06/2021;430;415;430;415;18;7 605;0.00%
17/06/2021;430;430;430;430;1 411;606 730;0.00%
18/06/2021;430;430;430;430;1 003;431 290;0.00%
21/06/2021;450;430;450;430;3 291;1 448 040;4.65%
22/06/2021;445;430;445;430;1 338;585 375;-1.11%
23/06/2021;445;440;445;440;811;358 868;0.00%
24/06/2021;440;445;445;440;1 711;757 118;-1.12%
25/06/2021;445;440;445;440;335;148 238;1.14%
28/06/2021;440;445;445;440;431;190 718;-1.12%
29/06/2021;440;440;440;440;821;361 240;0.00%
30/06/2021;435;430;435;430;1 099;475 318;-1.14%
01/07/2021;440;435;440;435;301;131 688;1.15%
02/07/2021;440;440;440;440;1 549;681 560;0.00%
05/07/2021;415;440;440;415;2 350;1 004 625;-5.68%
06/07/2021;400;415;415;400;675;275 063;-3.61%
07/07/2021;430;430;430;430;1 311;563 730;7.50%
08/07/2021;430;430;430;430;20;8 600;0.00%
09/07/2021;430;430;430;430;98;42 140;0.00%
12/07/2021;445;430;445;430;42 543;18 612 563;3.49%
13/07/2021;475;450;475;450;3 392;1 568 800;6.74%
14/07/2021;510;510;510;510;502;256 020;7.37%
15/07/2021;545;540;545;540;1 105;599 463;6.86%
16/07/2021;570;575;575;570;1 527;874 208;4.59%
19/07/2021;570;550;570;550;774;433 440;0.00%
20/07/2021;570;550;570;550;774;433 440;0.00%
21/07/2021;570;570;570;570;772;440 040;0.00%
22/07/2021;570;570;570;570;55;31 350;0.00%
23/07/2021;585;570;585;570;18 790;10 851 225;2.63%
26/07/2021;590;625;625;590;64 508;39 188 610;0.85%
27/07/2021;555;630;630;555;23 567;13 963 448;-5.93%
28/07/2021;520;595;595;520;12 422;6 925 265;-6.31%
29/07/2021;485;520;520;485;23 314;11 715 285;-6.73%
30/07/2021;485;500;500;485;40 108;19 753 190;0.00%
02/08/2021;485;485;485;485;10 775;5 225 875;0.00%
03/08/2021;520;520;520;520;428;222 560;7.22%
04/08/2021;520;520;520;520;3 622;1 883 440;0.00%
05/08/2021;485;490;490;485;16 742;8 161 725;-6.73%
06/08/2021;520;520;520;520;32;16 640;7.22%
09/08/2021;555;555;555;555;325;180 375;6.73%
10/08/2021;555;555;555;555;317;175 935;0.00%
11/08/2021;520;590;590;520;314;174 270;-6.31%
12/08/2021;555;555;555;555;21;11 655;6.73%
13/08/2021;555;570;570;555;651;366 188;0.00%
16/08/2021;550;555;555;550;674;372 385;-0.90%
17/08/2021;550;550;550;550;103;56 650;0.00%
18/08/2021;550;550;550;550;511;281 050;0.00%
19/08/2021;560;550;560;550;7 284;4 042 620;1.82%
20/08/2021;575;550;575;550;334;187 875;2.68%
23/08/2021;585;580;585;580;1 906;1 110 245;1.74%
24/08/2021;600;585;600;585;3 125;1 851 563;2.56%
25/08/2021;600;600;600;600;654;392 400;0.00%
26/08/2021;600;600;600;600;1 033;619 800;0.00%
27/08/2021;600;590;600;590;600;357 000;0.00%
30/08/2021;600;595;600;595;1 191;711 623;0.00%
31/08/2021;630;600;630;600;11 602;7 135 230;5.00%
01/09/2021;600;670;670;600;998;633 730;-4.76%
02/09/2021;645;640;645;640;4 018;2 581 565;7.50%
03/09/2021;645;690;690;645;3 934;2 625 945;0.00%
06/09/2021;635;645;645;635;4 448;2 846 720;-1.55%
07/09/2021;630;620;630;620;585;365 625;-0.79%
08/09/2021;650;585;650;585;6 686;4 128 605;3.17%
09/09/2021;650;650;650;650;1 616;1 050 400;0.00%
10/09/2021;630;635;635;630;1 746;1 104 345;-3.08%
13/09/2021;645;635;645;635;496;317 440;2.38%
14/09/2021;635;645;645;635;11 304;7 234 560;-1.55%
15/09/2021;675;645;675;645;1 192;786 720;6.30%
16/09/2021;690;690;690;690;681;469 890;2.22%
17/09/2021;675;650;675;650;206;136 475;-2.17%
20/09/2021;675;650;675;650;2 017;1 336 263;0.00%
21/09/2021;680;675;680;675;686;464 765;0.74%
22/09/2021;685;680;685;680;523;356 948;0.74%
23/09/2021;700;685;700;685;4 591;3 179 268;2.19%
24/09/2021;745;705;745;705;869;630 025;6.43%
27/09/2021;750;745;750;745;5 143;3 844 393;0.67%
28/09/2021;750;710;750;710;812;592 760;0.00%
29/09/2021;770;775;775;770;223;172 268;2.67%
30/09/2021;770;770;770;770;1 797;1 383 690;0.00%
01/10/2021;780;775;780;775;877;681 868;1.30%
04/10/2021;790;790;790;790;3 337;2 636 230;1.28%
05/10/2021;785;785;785;785;1 039;815 615;-0.63%
06/10/2021;730;770;770;730;2 019;1 514 250;-7.01%
07/10/2021;750;770;770;750;475;361 000;2.74%
08/10/2021;750;770;770;750;455;345 800;0.00%
11/10/2021;770;750;770;750;607;461 320;2.67%
12/10/2021;775;770;775;770;571;441 098;0.65%
13/10/2021;765;750;765;750;63;47 723;-1.29%
14/10/2021;750;765;765;750;488;369 660;-1.96%
15/10/2021;765;765;765;765;310;237 150;2.00%
18/10/2021;765;765;765;765;310;237 150;0.00%
19/10/2021;745;760;760;745;351;264 128;-2.61%
20/10/2021;740;740;740;740;25;18 500;-0.67%
21/10/2021;690;700;700;690;14 817;10 297 815;-6.76%
22/10/2021;680;690;690;680;4 824;3 304 440;-1.45%
25/10/2021;680;680;680;680;9 395;6 388 600;0.00%
26/10/2021;695;695;695;695;410;284 950;2.21%
27/10/2021;695;695;695;695;2 002;1 391 390;0.00%
28/10/2021;710;695;710;695;290;203 725;2.16%
29/10/2021;710;710;710;710;2 530;1 796 300;0.00%
01/11/2021;710;710;710;710;2 530;1 796 300;0.00%
02/11/2021;680;710;710;680;231;160 545;-4.23%
03/11/2021;705;680;705;680;381;263 843;3.68%
05/11/2021;700;700;700;700;203;142 100;-0.71%
08/11/2021;695;700;700;695;1 025;714 938;-0.71%
09/11/2021;695;695;695;695;286;198 770;0.00%
10/11/2021;700;700;700;700;100;70 000;0.72%
11/11/2021;700;700;700;700;404;282 800;0.00%
12/11/2021;715;715;715;715;400;286 000;2.14%
15/11/2021;715;715;715;715;400;286 000;0.00%
16/11/2021;690;690;690;690;25;17 250;-3.50%
17/11/2021;700;700;700;700;1;700;1.45%
18/11/2021;700;700;700;700;100;70 000;0.00%
19/11/2021;695;710;710;695;145;101 863;-0.71%
22/11/2021;720;720;720;720;70;50 400;3.60%
23/11/2021;695;720;720;695;302;213 665;-3.47%
24/11/2021;700;695;700;695;66;46 035;0.72%
25/11/2021;695;700;700;695;310;216 225;-0.71%
26/11/2021;690;695;695;690;492;340 710;-0.72%
29/11/2021;680;690;690;680;456;312 360;-1.45%
30/11/2021;680;660;680;660;369;247 230;0.00%
01/12/2021;680;680;680;680;171;116 280;0.00%
02/12/2021;660;680;680;660;230;154 100;-2.94%
03/12/2021;680;680;680;680;189;128 520;3.03%
06/12/2021;695;685;695;685;2 059;1 420 710;2.21%
07/12/2021;650;695;695;650;395;265 638;-6.47%
08/12/2021;645;650;650;645;544;352 240;-0.77%
09/12/2021;645;645;645;645;420;270 900;0.00%
10/12/2021;635;645;645;635;87;55 680;-1.55%
13/12/2021;635;635;635;635;222;140 970;0.00%
14/12/2021;635;625;635;625;576;362 880;0.00%
15/12/2021;635;635;635;635;647;410 845;0.00%
16/12/2021;670;670;670;670;450;301 500;5.51%
17/12/2021;650;655;655;650;99;64 598;-2.99%
20/12/2021;650;650;650;650;1 001;650 650;0.00%
21/12/2021;655;655;655;655;10;6 550;0.77%
22/12/2021;700;655;700;655;24 395;16 527 613;6.87%
23/12/2021;750;700;750;700;12 528;9 082 800;7.14%
24/12/2021;750;735;750;735;1 035;768 488;0.00%
27/12/2021;700;720;720;700;2 761;1 960 310;-6.67%
28/12/2021;750;700;750;700;425;308 125;7.14%
29/12/2021;700;700;700;700;100;70 000;-6.67%
30/12/2021;750;700;750;700;7 201;5 220 725;7.14%
31/12/2021;765;745;765;745;4 105;3 099 275;2.00%
03/01/2022;755;750;755;750;2 124;1 598 310;-1.31%
04/01/2022;755;710;755;710;590;432 175;0.00%
05/01/2022;745;750;750;745;3 770;2 818 075;-1.32%
06/01/2022;745;745;745;745;50;37 250;0.00%
10/01/2022;700;745;745;700;510;368 475;-6.04%
11/01/2022;650;745;745;650;277;193 208;-7.14%
14/01/2022;650;650;650;650;204;132 600;0.00%
18/01/2022;655;655;655;655;2;1 310;0.77%
19/01/2022;655;655;655;655;106;69 430;0.00%
20/01/2022;655;655;655;655;20;13 100;0.00%
21/01/2022;700;700;700;700;290;203 000;6.87%
24/01/2022;700;700;700;700;10;7 000;0.00%
25/01/2022;700;700;700;700;542;379 400;0.00%
28/01/2022;670;700;700;670;2 571;1 761 135;-4.29%
31/01/2022;700;670;700;670;22;15 070;4.48%
01/02/2022;700;700;700;700;18;12 600;0.00%
02/02/2022;700;680;700;680;420;289 800;0.00%
03/02/2022;700;700;700;700;1 783;1 248 100;0.00%
04/02/2022;670;700;700;670;262;179 470;-4.29%
07/02/2022;670;670;670;670;250;167 500;0.00%
08/02/2022;700;670;700;670;2 497;1 710 445;4.48%
09/02/2022;735;700;735;700;8 091;5 805 293;5.00%
10/02/2022;735;735;735;735;489;359 415;0.00%
11/02/2022;745;735;745;735;2 298;1 700 520;1.36%
14/02/2022;760;745;760;745;150;112 875;2.01%
15/02/2022;725;745;745;725;120;88 200;-4.61%
16/02/2022;755;730;755;730;790;586 575;4.14%
17/02/2022;755;755;755;755;1 068;806 340;0.00%
18/02/2022;750;755;755;750;1 209;909 773;-0.66%
21/02/2022;730;755;755;730;321;238 343;-2.67%
22/02/2022;750;750;750;750;982;736 500;2.74%
23/02/2022;740;745;745;740;602;446 985;-1.33%
24/02/2022;740;730;740;730;1 349;991 515;0.00%
25/02/2022;690;740;740;690;691;494 065;-6.76%
01/03/2022;690;690;690;690;14 504;10 007 760;0.00%
02/03/2022;690;695;695;690;498;344 865;0.00%
03/03/2022;690;695;695;690;25;17 313;0.00%
07/03/2022;695;695;695;695;258;179 310;0.72%
08/03/2022;690;695;695;690;57;39 473;-0.72%
09/03/2022;695;690;695;690;145;100 413;0.72%
10/03/2022;740;695;740;695;10 155;7 286 213;6.47%
11/03/2022;740;740;740;740;22;16 280;0.00%
14/03/2022;740;700;740;700;205;147 600;0.00%
15/03/2022;735;690;735;690;430;306 375;-0.68%
16/03/2022;735;735;735;735;1 044;767 340;0.00%
17/03/2022;735;735;735;735;10;7 350;0.00%
18/03/2022;730;730;730;730;11;8 030;-0.68%
21/03/2022;680;720;720;680;1 336;935 200;-6.85%
22/03/2022;685;650;685;650;288;192 240;0.74%
23/03/2022;685;685;685;685;1 576;1 079 560;0.00%
24/03/2022;680;655;680;655;6 184;4 127 820;-0.73%
25/03/2022;725;650;725;650;6 363;4 374 563;6.62%
28/03/2022;720;720;720;720;11;7 920;-0.69%
29/03/2022;670;720;720;670;150;104 250;-6.94%
30/03/2022;675;675;675;675;24;16 200;0.75%
31/03/2022;680;675;680;675;125;84 688;0.74%
01/04/2022;720;675;720;675;77;53 708;5.88%
04/04/2022;710;710;710;710;21;14 910;-1.39%
05/04/2022;710;720;720;710;6;4 290;0.00%
06/04/2022;670;710;710;670;238;164 220;-5.63%
07/04/2022;700;720;720;700;42;29 820;4.48%
08/04/2022;695;695;695;695;128;88 960;-0.71%
11/04/2022;695;680;695;680;727;499 813;0.00%
12/04/2022;695;695;695;695;585;406 575;0.00%
13/04/2022;695;695;695;695;123;85 485;0.00%
14/04/2022;700;700;700;700;744;520 800;0.72%
15/04/2022;695;700;700;695;24;16 740;-0.71%
19/04/2022;695;695;695;695;20;13 900;0.00%
20/04/2022;695;695;695;695;210;145 950;0.00%
21/04/2022;685;685;685;685;4 060;2 781 100;-1.44%
22/04/2022;700;685;700;685;5 044;3 492 970;2.19%
25/04/2022;705;700;705;700;30 999;21 776 798;0.71%
26/04/2022;700;700;700;700;3 656;2 559 200;-0.71%
27/04/2022;700;700;700;700;784;548 800;0.00%
28/04/2022;700;700;700;700;784;548 800;0.00%
29/04/2022;715;700;715;700;1 073;759 148;2.14%
02/05/2022;715;700;715;700;1 073;759 148;0.00%
03/05/2022;715;700;715;700;1 073;759 148;0.00%
04/05/2022;735;665;735;665;1 840;1 288 000;2.80%
05/05/2022;775;735;775;735;1 767;1 334 085;5.44%
06/05/2022;775;750;775;750;3 084;2 351 550;0.00%
09/05/2022;775;775;775;775;10;7 750;0.00%
10/05/2022;750;750;750;750;50;37 500;-3.23%
11/05/2022;760;755;760;755;7 559;5 725 943;1.33%
12/05/2022;760;760;760;760;29;22 040;0.00%
13/05/2022;750;760;760;750;836;631 180;-1.32%
16/05/2022;735;750;750;735;588;436 590;-2.00%
17/05/2022;735;735;735;735;129;94 815;0.00%
18/05/2022;735;750;750;735;320;237 600;0.00%
19/05/2022;760;750;760;750;4 269;3 223 095;3.40%
20/05/2022;760;760;760;760;252;191 520;0.00%
23/05/2022;760;760;760;760;252;191 520;0.00%
24/05/2022;745;745;745;745;1 120;834 400;-1.97%
25/05/2022;755;755;755;755;2;1 510;1.34%
26/05/2022;755;755;755;755;2;1 510;0.00%
27/05/2022;755;755;755;755;615;464 325;0.00%
30/05/2022;750;750;750;750;6;4 500;-0.66%
31/05/2022;755;750;755;750;421;316 803;0.67%
01/06/2022;755;755;755;755;115;86 825;0.00%
02/06/2022;755;750;755;750;1 043;784 858;0.00%
03/06/2022;750;700;750;700;101;73 225;-0.66%
06/06/2022;750;700;750;700;101;73 225;0.00%
07/06/2022;750;750;750;750;32;24 000;0.00%
08/06/2022;755;750;755;750;50;37 625;0.67%
09/06/2022;755;750;755;750;50;37 625;0.00%
10/06/2022;750;750;750;750;500;375 000;-0.66%
13/06/2022;700;750;750;700;91;65 975;-6.67%
14/06/2022;700;700;700;700;1;700;0.00%
15/06/2022;740;740;740;740;1;740;5.71%
16/06/2022;740;740;740;740;368;272 320;0.00%
17/06/2022;740;740;740;740;678;501 720;0.00%
20/06/2022;740;740;740;740;678;501 720;0.00%
21/06/2022;740;740;740;740;30;22 200;0.00%
22/06/2022;700;700;700;700;201;140 700;-5.41%
23/06/2022;705;700;705;700;50;35 125;0.71%
24/06/2022;740;705;740;705;270;195 075;4.96%
27/06/2022;710;710;710;710;96;68 160;-4.05%
28/06/2022;710;700;710;700;258;181 890;0.00%
29/06/2022;710;710;710;710;273;193 830;0.00%
30/06/2022;700;715;715;700;206;145 745;-1.41%
01/07/2022;700;700;700;700;141;98 700;0.00%
04/07/2022;700;700;700;700;200;140 000;0.00%
05/07/2022;700;700;700;700;205;143 500;0.00%
06/07/2022;680;650;680;650;76;50 540;-2.86%
07/07/2022;700;695;700;695;31;21 623;2.94%
08/07/2022;650;650;650;650;200;130 000;-7.14%
11/07/2022;655;660;660;655;98;64 435;0.77%
12/07/2022;670;660;670;660;229;152 285;2.29%
13/07/2022;670;700;700;670;769;526 765;0.00%
14/07/2022;700;700;700;700;679;475 300;4.48%
15/07/2022;700;700;700;700;838;586 600;0.00%
18/07/2022;700;700;700;700;2 172;1 520 400;0.00%
19/07/2022;700;700;700;700;50;35 000;0.00%
20/07/2022;740;695;740;695;4 432;3 179 960;5.71%
21/07/2022;740;740;740;740;624;461 760;0.00%
22/07/2022;740;740;740;740;100;74 000;0.00%
25/07/2022;740;740;740;740;457;338 180;0.00%
26/07/2022;740;740;740;740;457;338 180;0.00%
27/07/2022;755;755;755;755;10;7 550;2.03%
28/07/2022;750;750;750;750;8;6 000;-0.66%
29/07/2022;750;740;750;740;625;465 625;0.00%
01/08/2022;770;750;770;750;130;98 800;2.67%
02/08/2022;760;760;760;760;2 619;1 990 440;-1.30%
03/08/2022;760;760;760;760;1 700;1 292 000;0.00%
04/08/2022;760;770;770;760;84;64 260;0.00%
05/08/2022;750;705;750;705;73;53 108;-1.32%
08/08/2022;750;705;750;705;73;53 108;0.00%
09/08/2022;750;750;750;750;1 140;855 000;0.00%
10/08/2022;705;750;750;705;30;21 825;-6.00%
11/08/2022;705;705;705;705;203;143 115;0.00%
12/08/2022;750;705;750;705;813;591 458;6.38%
15/08/2022;750;705;750;705;813;591 458;0.00%
16/08/2022;750;750;750;750;136;102 000;0.00%
17/08/2022;750;750;750;750;1 959;1 469 250;0.00%
18/08/2022;750;750;750;750;1;750;0.00%
19/08/2022;750;700;750;700;1 001;725 725;0.00%
22/08/2022;750;700;750;700;1 001;725 725;0.00%
24/08/2022;700;700;700;700;200;140 000;-6.67%
25/08/2022;700;700;700;700;1 100;770 000;0.00%
26/08/2022;745;745;745;745;1;745;6.43%
29/08/2022;745;740;745;740;512;380 160;0.00%
30/08/2022;715;745;745;715;187;136 510;-4.03%
31/08/2022;740;700;740;700;1 046;753 120;3.50%
01/09/2022;745;745;745;745;1 000;745 000;0.68%
02/09/2022;745;745;745;745;1 000;745 000;0.00%
05/09/2022;740;700;740;700;1 914;1 378 080;-0.67%
06/09/2022;745;745;745;745;2 211;1 647 195;0.68%
07/09/2022;710;740;740;710;120;87 000;-4.70%
08/09/2022;720;715;720;715;63;45 203;1.41%
09/09/2022;720;715;720;715;63;45 203;0.00%
12/09/2022;720;720;720;720;20;14 400;0.00%
13/09/2022;720;720;720;720;80;57 600;0.00%
14/09/2022;720;720;720;720;10;7 200;0.00%
15/09/2022;740;745;745;740;60;44 550;2.78%
16/09/2022;720;740;740;720;20;14 600;-2.70%
19/09/2022;730;720;730;720;330;239 250;1.39%
20/09/2022;745;740;745;740;141;104 693;2.05%
21/09/2022;745;740;745;740;141;104 693;0.00%
22/09/2022;705;750;750;705;5;3 638;-5.37%
23/09/2022;745;750;750;745;8;5 980;5.67%
26/09/2022;690;700;700;690;1 649;1 146 055;-7.38%
27/09/2022;690;690;690;690;890;614 100;0.00%
28/09/2022;700;700;700;700;31;21 700;1.45%
29/09/2022;730;700;730;700;61;43 615;4.29%
30/09/2022;730;700;730;700;61;43 615;0.00%
03/10/2022;700;700;700;700;2;1 400;-4.11%
04/10/2022;740;740;740;740;5;3 700;5.71%
05/10/2022;740;740;740;740;5;3 700;0.00%
06/10/2022;740;740;740;740;6;4 440;0.00%
07/10/2022;740;740;740;740;6;4 440;0.00%
10/10/2022;700;700;700;700;159;111 300;-5.41%
11/10/2022;700;700;700;700;317;221 900;0.00%
12/10/2022;700;700;700;700;317;221 900;0.00%
13/10/2022;700;700;700;700;196;137 200;0.00%
14/10/2022;695;700;700;695;310;216 225;-0.71%
17/10/2022;700;700;700;700;450;315 000;0.72%
18/10/2022;700;700;700;700;1;700;0.00%
19/10/2022;695;700;700;695;463;322 943;-0.71%
20/10/2022;695;695;695;695;550;382 250;0.00%
21/10/2022;695;695;695;695;184;127 880;0.00%
24/10/2022;695;695;695;695;184;127 880;0.00%
25/10/2022;695;695;695;695;125;86 875;0.00%
26/10/2022;695;695;695;695;13;9 035;0.00%
27/10/2022;705;695;705;695;1 385;969 500;1.44%
28/10/2022;705;695;705;695;1 385;969 500;0.00%
02/11/2022;700;700;700;700;71;49 700;-0.71%
03/11/2022;700;700;700;700;71;49 700;0.00%
04/11/2022;700;700;700;700;108;75 600;0.00%
07/11/2022;700;700;700;700;2 022;1 415 400;0.00%
08/11/2022;700;700;700;700;2 022;1 415 400;0.00%
09/11/2022;700;700;700;700;3;2 100;0.00%
10/11/2022;700;700;700;700;3;2 100;0.00%
11/11/2022;700;670;700;670;651;445 935;0.00%
14/11/2022;700;670;700;670;651;445 935;0.00%
16/11/2022;700;700;700;700;10;7 000;0.00%
17/11/2022;700;700;700;700;10;7 000;0.00%
18/11/2022;700;650;700;650;245;165 375;0.00%
21/11/2022;700;650;700;650;245;165 375;0.00%
23/11/2022;690;650;690;650;51;34 170;-1.43%
24/11/2022;685;685;685;685;5;3 425;-0.72%
25/11/2022;685;635;685;635;458;302 280;0.00%
28/11/2022;650;650;650;650;151;98 150;-5.11%
29/11/2022;650;650;650;650;151;98 150;0.00%
02/12/2022;640;640;640;640;75;48 000;-1.54%
05/12/2022;640;640;640;640;142;90 880;0.00%
06/12/2022;640;640;640;640;970;620 800;0.00%
07/12/2022;640;640;640;640;1 000;640 000;0.00%
08/12/2022;640;640;640;640;1 000;640 000;0.00%
09/12/2022;685;640;685;640;2 644;1 751 650;7.03%
12/12/2022;695;695;695;695;10;6 950;1.46%
13/12/2022;695;695;695;695;10;6 950;0.00%
14/12/2022;695;695;695;695;15;10 425;0.00%
15/12/2022;700;700;700;700;282;197 400;0.72%
16/12/2022;695;695;695;695;11;7 645;-0.71%
19/12/2022;695;695;695;695;27;18 765;0.00%
20/12/2022;700;645;700;645;72;48 420;0.72%
21/12/2022;700;645;700;645;72;48 420;0.00%
22/12/2022;700;700;700;700;80;56 000;0.00%
23/12/2022;745;700;745;700;772;557 770;6.43%
26/12/2022;745;700;745;700;772;557 770;0.00%
27/12/2022;740;740;740;740;330;244 200;-0.67%
28/12/2022;740;740;740;740;109;80 660;0.00%
29/12/2022;685;685;685;685;25;17 125;-7.43%
30/12/2022;680;685;685;680;192;131 040;-0.73%
02/01/2023;675;675;675;675;2;1 350;-0.74%
03/01/2023;675;670;675;670;54;36 315;0.00%
04/01/2023;675;675;675;675;84;56 700;0.00%
05/01/2023;675;675;675;675;112;75 600;0.00%
06/01/2023;675;675;675;675;28;18 900;0.00%
09/01/2023;675;675;675;675;3;2 025;0.00%
10/01/2023;675;675;675;675;3;2 025;0.00%
12/01/2023;675;675;675;675;6;4 050;0.00%
13/01/2023;675;675;675;675;5;3 375;0.00%
16/01/2023;675;675;675;675;7;4 725;0.00%
17/01/2023;675;675;675;675;7;4 725;0.00%
18/01/2023;670;670;670;670;8;5 360;-0.74%
19/01/2023;670;670;670;670;8;5 360;0.00%
20/01/2023;670;650;670;650;204;134 640;0.00%
23/01/2023;695;670;695;670;430;293 475;3.73%
24/01/2023;695;670;695;670;430;293 475;0.00%
25/01/2023;685;695;695;685;5;3 450;-1.44%
26/01/2023;685;680;685;680;35;23 888;0.00%
27/01/2023;635;685;685;635;11;7 260;-7.30%
30/01/2023;590;635;635;590;100;61 250;-7.09%
31/01/2023;630;600;630;600;398;244 770;6.78%
01/02/2023;675;630;675;630;101;65 903;7.14%
02/02/2023;675;675;675;675;2;1 350;0.00%
03/02/2023;675;675;675;675;11;7 425;0.00%
06/02/2023;675;675;675;675;20;13 500;0.00%
07/02/2023;675;675;675;675;40;27 000;0.00%
08/02/2023;680;675;680;675;26;17 615;0.74%
09/02/2023;670;670;670;670;25;16 750;-1.47%
10/02/2023;670;670;670;670;25;16 750;0.00%
13/02/2023;670;670;670;670;3;2 010;0.00%
14/02/2023;680;660;680;660;1 218;816 060;1.49%
15/02/2023;685;685;685;685;50;34 250;0.74%
16/02/2023;680;680;680;680;10;6 800;-0.73%
17/02/2023;700;630;700;630;1 569;1 043 385;2.94%
20/02/2023;650;650;650;650;5;3 250;-7.14%
21/02/2023;695;655;695;655;4 528;3 056 400;6.92%
22/02/2023;695;695;695;695;14;9 730;0.00%
23/02/2023;695;695;695;695;14;9 730;0.00%
28/02/2023;685;645;685;645;806;535 990;-1.44%
01/03/2023;685;685;685;685;20;13 700;0.00%
02/03/2023;680;680;680;680;3;2 040;-0.73%
03/03/2023;680;680;680;680;3;2 040;0.00%
06/03/2023;690;675;690;675;1 067;728 228;1.47%
07/03/2023;690;675;690;675;1 067;728 228;0.00%
08/03/2023;685;650;685;650;31;20 693;-0.72%
09/03/2023;685;680;685;680;15;10 238;0.00%
10/03/2023;685;680;685;680;15;10 238;0.00%
13/03/2023;675;675;675;675;10;6 750;-1.46%
14/03/2023;675;675;675;675;10;6 750;0.00%
15/03/2023;695;625;695;625;706;465 960;2.96%
16/03/2023;695;625;695;625;706;465 960;0.00%
17/03/2023;695;695;695;695;3;2 085;0.00%
20/03/2023;695;695;695;695;3;2 085;0.00%
22/03/2023;680;645;680;645;250;165 625;-2.16%
23/03/2023;630;630;630;630;474;298 620;-7.35%
24/03/2023;675;635;675;635;451;295 405;7.14%
27/03/2023;675;675;675;675;301;203 175;0.00%
28/03/2023;675;675;675;675;3;2 025;0.00%
29/03/2023;675;675;675;675;3;2 025;0.00%
30/03/2023;625;625;625;625;350;218 750;-7.41%
31/03/2023;650;650;650;650;36;23 400;4.00%
03/04/2023;650;650;650;650;50;32 500;0.00%
04/04/2023;650;650;650;650;50;32 500;0.00%
05/04/2023;650;630;650;630;102;65 280;0.00%
06/04/2023;695;650;695;650;194;130 465;6.92%
07/04/2023;685;650;685;650;60;40 050;-1.44%
10/04/2023;685;650;685;650;60;40 050;0.00%
11/04/2023;685;650;685;650;60;40 050;0.00%
12/04/2023;690;685;690;685;500;343 750;0.73%
13/04/2023;680;650;680;650;102;67 830;-1.45%
14/04/2023;685;650;685;650;57;38 048;0.74%
17/04/2023;685;680;685;680;42;28 665;0.00%
18/04/2023;685;680;685;680;42;28 665;0.00%
19/04/2023;685;680;685;680;42;28 665;0.00%
26/04/2023;680;680;680;680;230;156 400;-0.73%
27/04/2023;650;650;650;650;40;26 000;-4.41%
28/04/2023;650;650;650;650;40;26 000;0.00%
04/05/2023;645;645;645;645;10;6 450;-0.77%
05/05/2023;645;645;645;645;10;6 450;0.00%
08/05/2023;645;645;645;645;101;65 145;0.00%
09/05/2023;645;645;645;645;90;58 050;0.00%
10/05/2023;645;645;645;645;90;58 050;0.00%
11/05/2023;645;600;645;600;21;13 073;0.00%
12/05/2023;645;645;645;645;10;6 450;0.00%
15/05/2023;645;645;645;645;20;12 900;0.00%
16/05/2023;645;645;645;645;20;12 900;0.00%
17/05/2023;645;600;645;600;60;37 350;0.00%
18/05/2023;645;600;645;600;60;37 350;0.00%
19/05/2023;645;600;645;600;60;37 350;0.00%
22/05/2023;640;640;640;640;178;113 920;-0.78%
23/05/2023;640;605;640;605;118;73 455;0.00%
24/05/2023;640;640;640;640;3;1 920;0.00%
25/05/2023;635;640;640;635;130;82 875;-0.78%
26/05/2023;680;630;680;630;1 475;966 125;7.09%
29/05/2023;680;630;680;630;1 475;966 125;0.00%
30/05/2023;715;680;715;680;255;177 863;5.15%
31/05/2023;720;665;720;665;965;668 263;0.70%
01/06/2023;710;720;720;710;102;72 930;-1.39%
02/06/2023;720;710;720;710;100;71 500;1.41%
05/06/2023;710;710;710;710;2;1 420;-1.39%
06/06/2023;710;710;710;710;2;1 420;0.00%
08/06/2023;715;710;715;710;132;94 050;0.70%
09/06/2023;700;700;700;700;12;8 400;-2.10%
12/06/2023;700;700;700;700;12;8 400;0.00%
20/06/2023;690;650;690;650;41;27 470;-1.43%
21/06/2023;690;650;690;650;15;10 050;0.00%
22/06/2023;690;690;690;690;20;13 800;0.00%
23/06/2023;690;690;690;690;29;20 010;0.00%
26/06/2023;690;650;690;650;132;88 440;0.00%
27/06/2023;690;650;690;650;132;88 440;0.00%
29/06/2023;710;690;710;690;1 532;1 072 400;2.90%
30/06/2023;710;710;710;710;5;3 550;0.00%
03/07/2023;710;710;710;710;5;3 550;0.00%
05/07/2023;695;695;695;695;164;113 980;-2.11%
06/07/2023;695;695;695;695;5;3 475;0.00%
07/07/2023;695;695;695;695;2;1 390;0.00%
10/07/2023;690;690;690;690;1;690;-0.72%
11/07/2023;690;690;690;690;1;690;0.00%
12/07/2023;680;650;680;650;192;127 680;-1.45%
13/07/2023;680;680;680;680;10;6 800;0.00%
14/07/2023;650;680;680;650;725;482 125;-4.41%
17/07/2023;650;650;650;650;116;75 400;0.00%
18/07/2023;650;650;650;650;9;5 850;0.00%
19/07/2023;645;645;645;645;50;32 250;-0.77%
20/07/2023;615;630;630;615;46 797;29 131 133;-4.65%
21/07/2023;615;630;630;615;46 797;29 131 133;0.00%
24/07/2023;660;620;660;620;65;41 600;7.32%
25/07/2023;660;620;660;620;65;41 600;0.00%
26/07/2023;660;680;680;660;24;16 080;0.00%
27/07/2023;640;680;680;640;189;124 740;-3.03%
28/07/2023;680;640;680;640;196;129 360;6.25%
31/07/2023;680;680;680;680;202;137 360;0.00%
01/08/2023;680;680;680;680;202;137 360;0.00%
02/08/2023;675;675;675;675;37;24 975;-0.74%
03/08/2023;675;630;675;630;3 812;2 487 330;0.00%
04/08/2023;665;675;675;665;82;54 940;-1.48%
07/08/2023;665;675;675;665;82;54 940;0.00%
08/08/2023;665;665;665;665;45;29 925;0.00%
09/08/2023;665;665;665;665;20;13 300;0.00%
10/08/2023;665;665;665;665;20;13 300;0.00%
11/08/2023;675;630;675;630;41;26 753;1.50%
14/08/2023;675;630;675;630;41;26 753;0.00%
16/08/2023;675;675;675;675;6;4 050;0.00%
17/08/2023;630;635;635;630;618;390 885;-6.67%
18/08/2023;630;630;630;630;240;151 200;0.00%
21/08/2023;670;640;670;640;239;156 545;6.35%
22/08/2023;670;670;670;670;32;21 440;0.00%
23/08/2023;660;640;660;640;12;7 800;-1.49%
24/08/2023;660;660;660;660;1 122;740 520;0.00%
25/08/2023;660;660;660;660;11;7 260;0.00%
28/08/2023;670;670;670;670;65;43 550;1.52%
29/08/2023;665;620;665;620;337;216 523;-0.75%
30/08/2023;660;660;660;660;50;33 000;-0.75%
31/08/2023;615;615;615;615;175;107 625;-6.82%
01/09/2023;570;620;620;570;1 375;818 125;-7.32%
04/09/2023;610;575;610;575;30;17 775;7.02%
05/09/2023;610;615;615;610;111;67 988;0.00%
06/09/2023;575;610;610;575;1 501;889 343;-5.74%
07/09/2023;590;590;590;590;20;11 800;2.61%
08/09/2023;590;590;590;590;312;184 080;0.00%
11/09/2023;590;585;590;585;708;415 950;0.00%
12/09/2023;615;590;615;590;199;119 898;4.24%
13/09/2023;615;615;615;615;10;6 150;0.00%
14/09/2023;615;615;615;615;2 182;1 341 930;0.00%
15/09/2023;655;655;655;655;1 525;998 875;6.50%
18/09/2023;660;680;680;660;1 473;986 910;0.76%
19/09/2023;675;680;680;675;999;676 823;2.27%
20/09/2023;710;680;710;680;2 472;1 718 040;5.19%
21/09/2023;700;660;700;660;595;404 600;-1.41%
22/09/2023;685;700;700;685;104;72 020;-2.14%
25/09/2023;695;690;695;690;2 613;1 809 503;1.46%
26/09/2023;660;695;695;660;51;34 553;-5.04%
27/09/2023;660;695;695;660;51;34 553;0.00%
28/09/2023;655;660;660;655;459;301 793;-0.76%
29/09/2023;700;700;700;700;150;105 000;6.87%
02/10/2023;700;700;700;700;150;105 000;0.00%
04/10/2023;690;650;690;650;2 006;1 344 020;-1.43%
05/10/2023;650;690;690;650;245;164 150;-5.80%
06/10/2023;650;650;650;650;1 939;1 260 350;0.00%
09/10/2023;650;650;650;650;337;219 050;0.00%
10/10/2023;645;650;650;645;5 236;3 390 310;-0.77%
11/10/2023;645;600;645;600;2 070;1 288 575;0.00%
12/10/2023;640;600;640;600;83;51 460;-0.78%
13/10/2023;640;600;640;600;416;257 920;0.00%
16/10/2023;640;600;640;600;416;257 920;0.00%
17/10/2023;615;615;615;615;478;293 970;-3.91%
18/10/2023;635;615;635;615;202;126 250;3.25%
19/10/2023;620;620;620;620;2;1 240;-2.36%
20/10/2023;620;620;620;620;1 998;1 238 760;0.00%
23/10/2023;600;600;600;600;4 960;2 976 000;-3.23%
24/10/2023;600;600;600;600;4 067;2 440 200;0.00%
25/10/2023;600;600;600;600;425;255 000;0.00%
26/10/2023;600;600;600;600;425;255 000;0.00%
27/10/2023;615;620;620;615;1 574;971 945;2.50%
30/10/2023;600;600;600;600;3 641;2 184 600;-2.44%
31/10/2023;600;600;600;600;1 800;1 080 000;0.00%
01/11/2023;600;600;600;600;1 800;1 080 000;0.00%
02/11/2023;600;600;600;600;9;5 400;0.00%
03/11/2023;600;595;600;595;90 389;54 007 428;0.00%
06/11/2023;595;590;595;590;626;370 905;-0.83%
07/11/2023;575;595;595;575;1 321;772 785;-3.36%
08/11/2023;600;535;600;535;26 229;14 884 958;4.35%
09/11/2023;640;600;640;600;3 852;2 388 240;6.67%
10/11/2023;595;640;640;595;90 169;55 679 358;-7.03%
13/11/2023;625;635;635;625;90 547;57 044 610;5.04%
14/11/2023;625;620;625;620;37 641;23 431 523;0.00%
15/11/2023;625;620;625;620;37 641;23 431 523;0.00%
16/11/2023;625;625;625;625;842;526 250;0.00%
17/11/2023;650;625;650;625;105 959;67 548 863;4.00%
20/11/2023;675;650;675;650;691;457 788;3.85%
21/11/2023;675;670;675;670;160;107 600;0.00%
22/11/2023;710;675;710;675;946;655 105;5.19%
23/11/2023;750;700;750;700;3 141;2 277 225;5.63%
24/11/2023;760;740;760;740;5 133;3 849 750;1.33%
27/11/2023;740;750;750;740;656;488 720;-2.63%
28/11/2023;775;700;775;700;6 316;4 658 050;4.73%
29/11/2023;770;765;770;765;425;326 188;-0.65%
30/11/2023;770;765;770;765;341;261 718;0.00%
04/12/2023;805;770;805;770;6 069;4 779 338;4.55%
05/12/2023;825;825;825;825;1 485;1 225 125;2.48%
06/12/2023;835;815;835;815;1 756;1 448 700;1.21%
07/12/2023;830;835;835;830;73;60 773;-0.60%
08/12/2023;815;815;815;815;10 930;8 907 950;-1.81%
11/12/2023;760;760;760;760;657;499 320;-6.75%
12/12/2023;750;750;750;750;779;584 250;-1.32%
13/12/2023;695;695;695;695;996;692 220;-7.33%
14/12/2023;745;650;745;650;10 245;7 145 888;7.19%
15/12/2023;795;750;795;750;11 515;8 895 338;6.71%
18/12/2023;800;775;800;775;11 545;9 091 688;0.63%
19/12/2023;740;740;740;740;219;162 060;-7.50%
20/12/2023;780;685;780;685;10 523;7 708 098;5.41%
21/12/2023;725;780;780;725;103;77 508;-7.05%
22/12/2023;765;720;765;720;126 116;93 641 130;5.52%
25/12/2023;765;720;765;720;126 116;93 641 130;0.00%
26/12/2023;770;745;770;745;10 726;8 124 945;0.65%
27/12/2023;740;750;750;740;14;10 430;-3.90%
28/12/2023;750;740;750;740;101 556;75 659 220;1.35%
29/12/2023;700;695;700;695;2 429;1 694 228;-6.67%
01/01/2024;700;695;700;695;2 429;1 694 228;0.00%
02/01/2026;750;750;750;750;135 518;101 638 500;7.14%
05/01/2026;805;805;805;805;6 485;5 220 425;7.33%
06/01/2026;865;865;865;865;10 100;8 736 500;7.45%
07/01/2026;925;925;925;925;14 770;13 662 250;6.94%
08/01/2026;990;990;990;990;5 412;5 357 880;7.03%
09/01/2026;1 060;1 060;1 060;1 060;14 294;15 151 640;7.07%
12/01/2026;1 135;1 135;1 135;1 135;6 205;7 042 675;7.08%
13/01/2026;1 100;1 220;1 220;1 100;122 930;142 598 800;-3.08%
14/01/2026;1 135;1 080;1 135;1 080;27 273;30 204 848;3.18%
15/01/2026;1 220;1 220;1 220;1 220;5 884;7 178 480;7.49%
16/01/2026;1 310;1 310;1 310;1 310;6 904;9 044 240;7.38%
19/01/2026;1 395;1 400;1 400;1 395;29 688;41 488 980;6.49%
20/01/2026;1 300;1 400;1 400;1 300;15 588;21 043 800;-6.81%
21/01/2026;1 310;1 300;1 310;1 300;11 733;15 311 565;0.77%
22/01/2026;1 310;1 315;1 315;1 310;11 299;14 829 938;0.00%
23/01/2026;1 310;1 340;1 340;1 310;6 180;8 188 500;0.00%
26/01/2026;1 315;1 305;1 315;1 305;8 959;11 736 290;0.38%
27/01/2026;1 345;1 340;1 345;1 340;4 575;6 141 938;2.28%
28/01/2026;1 380;1 360;1 380;1 360;6 734;9 225 580;2.60%
29/01/2026;1 480;1 390;1 480;1 390;44 844;64 351 140;7.25%
30/01/2026;1 590;1 590;1 590;1 590;1 436;2 283 240;7.43%
02/02/2026;1 705;1 700;1 705;1 700;25 386;43 219 665;7.23%
03/02/2026;1 785;1 720;1 785;1 720;20 069;35 170 923;4.69%
04/02/2026;1 915;1 910;1 915;1 910;11 420;21 840 750;7.28%
05/02/2026;2 055;2 055;2 055;2 055;9 619;19 767 045;7.31%
06/02/2026;2 205;2 200;2 205;2 200;13 601;29 956 203;7.30%
09/02/2026;2 355;2 370;2 370;2 355;13 503;31 900 838;6.80%
10/02/2026;2 530;2 410;2 530;2 410;24 409;60 290 230;7.43%
11/02/2026;2 715;2 715;2 715;2 715;9 360;25 412 400;7.31%
12/02/2026;2 515;2 900;2 900;2 515;19 716;53 381 070;-7.37%
13/02/2026;2 330;2 330;2 330;2 330;10 792;25 145 360;-7.36%
16/02/2026;2 160;2 160;2 160;2 160;19 190;41 450 400;-7.30%
17/02/2026;2 320;2 320;2 320;2 320;18 952;43 968 640;7.41%
18/02/2026;2 490;2 490;2 490;2 490;24 410;60 780 900;7.33%
19/02/2026;2 565;2 675;2 675;2 565;23 302;61 051 240;3.01%
20/02/2026;2 650;2 675;2 675;2 650;11 230;29 899 875;3.31%
23/02/2026;2 455;2 650;2 650;2 455;20 096;51 295 040;-7.36%
24/02/2026;2 500;2 465;2 500;2 465;18 242;45 285 765;1.83%
25/02/2026;2 415;2 500;2 500;2 415;13 194;32 424 255;-3.40%
26/02/2026;2 385;2 415;2 415;2 385;9 228;22 147 200;-1.24%
27/02/2026;2 325;2 385;2 385;2 325;16 615;39 128 325;-2.52%
02/03/2026;2 215;2 325;2 325;2 215;7 310;16 593 700;-4.73%
03/03/2026;2 050;2 130;2 130;2 050;12 189;25 475 010;-7.45%
04/03/2026;2 000;2 005;2 005;2 000;14 837;29 711 093;-2.44%
05/03/2026;2 150;2 050;2 150;2 050;10 981;23 060 100;7.50%
06/03/2026;2 250;2 310;2 310;2 250;12 727;29 017 560;4.65%
09/03/2026;2 200;2 255;2 255;2 200;4 214;9 386 685;-2.22%
10/03/2026;2 135;2 180;2 180;2 135;4 309;9 296 668;-2.95%
11/03/2026;2 010;2 130;2 130;2 010;13 502;27 949 140;-5.85%
12/03/2026;2 000;2 040;2 040;2 000;4 846;9 788 920;-0.50%
13/03/2026;1 995;2 000;2 000;1 995;3 366;6 723 585;-0.25%
16/03/2026;1 995;2 000;2 000;1 995;3 366;6 723 585;0.00%
17/03/2026;1 975;1 995;1 995;1 975;4 377;8 688 345;-1.00%
18/03/2026;1 975;1 975;1 975;1 975;3 165;6 250 875;0.00%
19/03/2026;1 980;1 975;1 980;1 975;4 905;9 699 638;0.25%
20/03/2026;1 980;1 975;1 980;1 975;4 905;9 699 638;0.00%
23/03/2026;1 990;1 970;1 990;1 970;3 598;7 124 040;0.51%
24/03/2026;2 050;1 995;2 050;1 995;6 032;12 199 720;3.02%
25/03/2026;2 200;2 115;2 200;2 115;1 698;3 663 435;7.32%
26/03/2026;2 265;2 265;2 265;2 265;3 472;7 864 080;2.95%
27/03/2026;2 110;2 250;2 250;2 110;5 644;12 303 920;-6.84%
30/03/2026;2 050;2 110;2 110;2 050;2 982;6 202 560;-2.84%
31/03/2026;2 000;2 050;2 050;2 000;5 474;11 084 850;-2.44%
01/04/2026;1 975;2 000;2 000;1 975;4 295;8 536 313;-1.25%
02/04/2026;1 900;1 975;1 975;1 900;8 075;15 645 313;-3.80%
03/04/2026;1 985;1 905;1 985;1 905;1 607;3 125 615;4.47%
06/04/2026;1 985;1 905;1 985;1 905;1 607;3 125 615;0.00%
07/04/2026;1 920;1 985;1 985;1 920;6 436;12 566 290;-3.27%
08/04/2026;1 930;1 950;1 950;1 930;3 185;6 178 900;0.52%
09/04/2026;1 920;1 940;1 940;1 920;3 327;6 421 110;-0.52%
10/04/2026;1 925;1 910;1 925;1 910;4 277;8 201 148;0.26%
13/04/2026;1 940;1 975;1 975;1 940;1 253;2 452 748;0.78%
14/04/2026;1 905;1 940;1 940;1 905;5 728;11 012 080;-1.80%
15/04/2026;1 890;1 900;1 900;1 890;6 172;11 695 940;-0.79%
16/04/2026;1 750;1 810;1 810;1 750;4 944;8 800 320;-7.41%
17/04/2026;1 625;1 620;1 625;1 620;11 636;18 879 410;-7.14%
20/04/2026;1 745;1 700;1 745;1 700;3 861;6 650 573;7.38%
21/04/2026;1 800;1 750;1 800;1 750;2 573;4 567 075;3.15%
22/04/2026;1 665;1 795;1 795;1 665;10 030;17 351 900;-7.50%
23/04/2026;1 585;1 700;1 700;1 585;8 138;13 366 665;-4.80%
24/04/2026;1 600;1 600;1 600;1 600;2 952;4 723 200;0.95%
27/04/2026;1 580;1 625;1 625;1 580;6 103;9 780 058;-1.25%
28/04/2026;1 575;1 585;1 585;1 575;4 721;7 459 180;-0.32%
29/04/2026;1 600;1 595;1 600;1 595;6 645;10 615 388;1.59%
30/04/2026;1 600;1 600;1 600;1 600;1 047;1 675 200;0.00%
01/05/2026;1 600;1 600;1 600;1 600;1 047;1 675 200;0.00%
04/05/2026;1 555;1 600;1 600;1 555;4 780;7 540 450;-2.81%
05/05/2026;1 500;1 485;1 500;1 485;4 820;7 193 850;-3.54%
06/05/2026;1 450;1 500;1 500;1 450;9 141;13 482 975;-3.33%
07/05/2026;1 525;1 455;1 525;1 455;7 430;11 070 700;5.17%
08/05/2026;1 525;1 525;1 525;1 525;4 479;6 830 475;0.00%
11/05/2026;1 505;1 530;1 530;1 505;4 314;6 546 495;-1.31%
12/05/2026;1 500;1 505;1 505;1 500;4 159;6 248 898;-0.33%
13/05/2026;1 580;1 485;1 580;1 485;8 847;13 558 028;5.33%
14/05/2026;1 580;1 485;1 580;1 485;8 847;13 558 028;0.00%
15/05/2026;1 505;1 600;1 600;1 505;2 578;4 002 345;-4.75%
18/05/2026;1 500;1 505;1 505;1 500;2 140;3 215 350;-0.33%
19/05/2026;1 455;1 500;1 500;1 455;3 076;4 544 790;-3.00%
20/05/2026;1 480;1 470;1 480;1 470;2 367;3 491 325;1.72%
21/05/2026;1 495;1 495;1 495;1 495;2 631;3 933 345;1.01%
22/05/2026;1 485;1 490;1 490;1 485;1 777;2 643 288;-0.67%
25/05/2026;1 485;1 490;1 490;1 485;1 777;2 643 288;0.00%
26/05/2026;1 415;1 475;1 475;1 415;4 828;6 976 460;-4.71%
27/05/2026;1 415;1 475;1 475;1 415;4 828;6 976 460;0.00%
28/05/2026;1 400;1 410;1 410;1 400;12 927;18 162 435;-1.06%
29/05/2026;1 440;1 380;1 440;1 380;7 801;10 999 410;2.86%
01/06/2026;1 545;1 440;1 545;1 440;5 852;8 734 110;7.29%
02/06/2026;1 660;1 600;1 660;1 600;16 873;27 502 990;7.44%
03/06/2026;1 660;1 780;1 780;1 660;12 351;21 243 720;0.00%
04/06/2026;1 695;1 700;1 700;1 695;5 345;9 073 138;2.11%
05/06/2026;1 650;1 700;1 700;1 650;4 369;7 318 075;-2.65%
08/06/2026;1 620;1 650;1 650;1 620;7 413;12 120 255;-1.82%
09/06/2026;1 600;1 620;1 620;1 600;8 787;14 147 070;-1.23%
10/06/2026;1 575;1 600;1 600;1 575;8 848;14 046 200;-1.56%
11/06/2026;1 590;1 570;1 590;1 570;4 508;7 122 640;0.95%
12/06/2026;1 570;1 590;1 590;1 570;11 482;18 141 560;-1.26%
15/06/2026;1 580;1 570;1 580;1 570;3 675;5 788 125;0.64%
16/06/2026;1 590;1 580;1 590;1 580;5 270;8 352 950;0.63%
17/06/2026;1 520;1 510;1 520;1 510;3 547;5 373 705;-4.40%
18/06/2026;1 560;1 540;1 560;1 540;3 060;4 743 000;2.63%
19/06/2026;1 590;1 570;1 590;1 570;1 457;2 302 060;1.92%
22/06/2026;1 555;1 510;1 555;1 510;4 654;7 132 255;-2.20%
23/06/2026;1 590;1 555;1 590;1 555;4 194;6 595 065;2.25%
24/06/2026;1 555;1 570;1 570;1 555;6 382;9 971 875;-2.20%
25/06/2026;1 555;1 540;1 555;1 540;1 717;2 657 058;0.00%
26/06/2026;1 550;1 555;1 555;1 550;6 274;9 740 385;-0.32%
29/06/2026;1 540;1 550;1 550;1 540;4 243;6 555 435;-0.65%
30/06/2026;1 535;1 540;1 540;1 535;3 112;4 784 700;-0.32%
01/07/2026;1 520;1 535;1 535;1 520;2 884;4 405 310;-0.98%
02/07/2026;1 505;1 520;1 520;1 505;4 202;6 355 525;-0.99%
03/07/2026;1 500;1 515;1 515;1 500;8 097;12 206 228;-0.33%
06/07/2026;1 460;1 500;1 500;1 460;5 477;8 105 960;-2.67%
07/07/2026;1 445;1 460;1 460;1 445;2 748;3 991 470;-1.03%
08/07/2026;1 350;1 440;1 440;1 350;8 669;12 093 255;-6.57%
09/07/2026;1 385;1 350;1 385;1 350;6 501;8 890 118;2.59%
10/07/2026;1 455;1 395;1 455;1 395;3 212;4 577 100;5.05%
13/07/2026;1 470;1 465;1 470;1 465;3 411;5 005 643;1.03%
14/07/2026;1 495;1 470;1 495;1 470;3 407;5 050 878;1.70%
15/07/2026;1 535;1 550;1 550;1 535;5 388;8 310 990;2.68%
16/07/2026;1 500;1 535;1 535;1 500;2 608;3 957 640;-2.28%
17/07/2026;1 500;1 500;1 500;1 500;2 888;4 332 000;0.00%
20/07/2026;1 410;1 400;1 410;1 400;4 303;6 045 715;-6.00%
21/07/2026;1 430;1 410;1 430;1 410;4 428;6 287 760;1.42%
22/07/2026;1 430;1 445;1 445;1 430;2 546;3 659 875;0.00%
23/07/2026;1 520;1 430;1 520;1 430;8 238;12 151 050;6.29%
24/07/2026;1 515;1 500;1 515;1 500;8 449;12 736 868;-0.33%
27/07/2026;1 520;1 515;1 520;1 515;2 429;3 686 008;0.33%
28/07/2026;1 500;1 540;1 540;1 500;5 656;8 597 120;-1.32%
29/07/2026;1 425;1 500;1 500;1 425;5 915;8 650 688;-5.00%
30/07/2026;1 500;1 435;1 500;1 435;3 398;4 986 565;5.26%
31/07/2026;1 485;1 500;1 500;1 485;2 355;3 514 838;-1.00%
03/08/2026;1 480;1 485;1 485;1 480;2 293;3 399 373;-0.34%
04/08/2026;1 480;1 490;1 490;1 480;2 188;3 249 180;0.00%
05/08/2026;1 450;1 480;1 480;1 450;4 433;6 494 345;-2.03%
06/08/2026;1 445;1 445;1 445;1 445;1 026;1 482 570;-0.34%
07/08/2026;1 445;1 445;1 445;1 445;1 026;1 482 570;0.00%
10/08/2026;1 500;1 480;1 500;1 480;4 368;6 508 320;3.81%
11/08/2026;1 495;1 500;1 500;1 495;5 802;8 688 495;-0.33%
12/08/2026;1 500;1 490;1 500;1 490;5 254;7 854 730;0.33%
13/08/2026;1 495;1 455;1 495;1 455;8 404;12 395 900;-0.33%
